{"0.9": [56.21441353505775, 72.8485440052058, 73.37725719863349, 73.38539124776314, 73.39352529689279, 73.46673173905971, 73.73515536033838, 74.15812591508053, 74.49975597852611, 75.04473727021312, 75.47584187408492, 76.05335936229055, 76.6634130470148, 77.28973482999837, 77.93232471124125, 78.73759557507728, 79.36391735806085, 80.37253945013828, 80.99886123312184, 81.65771921262404], "0.91": [58.48381324223198, 73.06002928257686, 73.39352529689279, 73.38539124776314, 73.42606149341142, 73.68635106556043, 74.02798112900602, 74.4428176346185, 74.99593297543517, 75.48397592321457, 75.8744102814381, 76.45192776964373, 77.01317715959004, 77.64763299170328, 78.33089311859443, 78.85147226289247, 79.72994956889539, 80.42947779404588, 81.16154221571499, 81.58451277045714], "0.92": [60.18382951033024, 73.07629738083618, 73.39352529689279, 73.39352529689279, 73.40165934602246, 73.49926793557833, 73.75955750772735, 74.21506425898812, 74.76004555067513, 75.44330567756629, 76.07776150967952, 76.50886611355132, 77.05384740523833, 77.58256059866602, 78.19261428339027, 78.99788514722628, 79.6730112249878, 80.67349926793558, 81.34862534569709, 82.02375142345859], "0.93": [61.111111111111114, 72.93801854563202, 73.39352529689279, 73.39352529689279, 73.39352529689279, 73.39352529689279, 73.48299983731901, 73.74328940946803, 73.92223849032048, 74.4265495363592, 75.01220107369448, 75.54904831625183, 76.46819586790305, 77.01317715959004, 77.89165446559298, 78.61558483813242, 79.30697901415324, 79.83569220758093, 80.64909712054661, 81.421831787864], "0.9400000000000001": [62.680982593134864, 73.3365869529852, 73.39352529689279, 73.40165934602246, 73.42606149341142, 73.60501057426387, 74.14185781682122, 74.58923051895233, 75.16674800715796, 75.79306979014153, 76.16723605010574, 76.6471449487555, 77.14332194566455, 77.97299495688954, 78.72132747681796, 79.20937042459737, 80.01464128843338, 80.73043761184317, 81.52757442654953, 82.06442166910688], "0.9500000000000001": [60.59866601594273, 72.99495688953961, 73.39352529689279, 73.39352529689279, 73.40979339515211, 73.48299983731901, 73.767691556857, 74.1825280624695, 74.55669432243371, 75.30502684236212, 75.8012038392712, 76.29738083618025, 76.94810476655279, 77.52562225475842, 78.05433544818611, 78.76199772246625, 79.63234097933952, 80.30746705710102, 81.15340816658532, 81.85293639173581], "0.9600000000000001": [64.82023751423459, 73.25524646168863, 73.39352529689279, 73.39352529689279, 73.41792744428176, 73.55620627948593, 73.84903204815357, 74.20693020985847, 74.62176671547095, 75.20741825280625, 75.89881242882707, 76.71221734179275, 77.33040507564665, 77.68830323735155, 78.55864649422483, 79.1849682772084, 79.77061981454368, 80.50268423621279, 81.34049129656744, 81.98308117781032], "0.9700000000000001": [69.15568570034164, 73.32031885472588, 73.39352529689279, 73.39352529689279, 73.44232959167073, 73.56434032861559, 74.08491947291361, 74.45908573287782, 75.10167561412071, 75.73613144623394, 76.37058727834716, 76.9643728648121, 77.55815845127705, 78.37156336424272, 79.06295754026354, 79.81129006019196, 80.52708638360176, 81.13714006832602, 81.93427688303237, 82.73141369773873], "0.9800000000000001": [64.82023751423459, 73.22271026517001, 73.39352529689279, 73.39352529689279, 73.41792744428176, 73.58874247600455, 74.08491947291361, 74.45908573287782, 75.0284691719538, 75.8744102814381, 76.48446396616235, 77.0782495526273, 77.6801691882219, 78.27395477468684, 78.89214250854076, 79.6892793232471, 80.60842687489833, 81.03139742964048, 81.82040019521718, 82.5687327151456], "0.99": [64.99105254595737, 73.22271026517001, 73.39352529689279, 73.39352529689279, 73.40979339515211, 73.62127867252318, 74.04424922726534, 74.56482837156337, 75.06913941760209, 75.68732715145599, 76.20790629575403, 77.01317715959004, 77.80217992516675, 78.56678054335448, 79.35578330893118, 80.2911989588417, 81.08833577354807, 81.69025540914267, 82.45485602733041, 83.14625020335123], "0.991": [56.857003416300635, 72.9217504473727, 73.38539124776314, 73.40165934602246, 73.46673173905971, 73.78395965511632, 74.4428176346185, 74.84952009110135, 75.49210997234424, 76.18350414836506, 77.04571335610868, 77.70457133561086, 78.47730600292826, 78.98161704896698, 79.64860907759883, 80.28306490971205, 80.96632503660322, 81.77159590043924, 82.47925817471938, 82.9835692207581], "0.992": [63.0876850496177, 73.1088335773548, 73.39352529689279, 73.39352529689279, 73.47486578818936, 73.71888726207906, 74.23946640637709, 74.74377745241581, 75.28875874410281, 75.93134862534569, 76.85049617699691, 77.61509679518464, 78.21701643077924, 78.57491459248413, 79.27444281763462, 80.02277533756303, 80.61656092402798, 81.31608914917847, 81.95054498129169, 82.61753700992354], "0.993": [63.518789653489506, 73.24711241255898, 73.39352529689279, 73.39352529689279, 73.54807223035627, 73.97917683422808, 74.53229217504473, 75.31316089149179, 75.92321457621604, 76.65527899788515, 77.3792093704246, 78.08687164470473, 78.77826582072555, 79.48592809500569, 80.37253945013828, 81.05579957702945, 81.78786399869855, 82.24337074995933, 83.04050756466569, 83.4716121685375], "0.994": [60.52545957377583, 73.12510167561412, 73.39352529689279, 73.39352529689279, 73.38539124776314, 73.61314462339352, 74.09305352204328, 74.58923051895233, 75.37009923539938, 75.9882869692533, 76.82609402960794, 77.67203513909224, 78.63185293639174, 79.4452578493574, 80.25866276232308, 80.9500569383439, 81.46250203351228, 82.05628761997723, 82.65007320644217, 83.20318854725882], "0.995": [66.72360501057426, 73.26338051081828, 73.39352529689279, 73.39352529689279, 73.41792744428176, 73.49926793557833, 73.9547746868391, 74.58109646982268, 75.33756303888076, 76.15910200097609, 77.12705384740524, 77.89165446559298, 78.45290385553929, 79.35578330893118, 79.89263055148854, 80.48641613795347, 81.28355295265983, 81.966813079551, 82.65820725557182, 83.20318854725882], "0.996": [65.90206604847893, 73.32031885472588, 73.39352529689279, 73.40165934602246, 73.44232959167073, 73.66194891817146, 73.99544493248739, 74.41841548722954, 75.02033512282414, 75.54091426712218, 76.24857654140231, 76.85049617699691, 77.4930860582398, 78.18448023426062, 78.957214901578, 79.65674312672849, 80.54335448186107, 81.34862534569709, 81.966813079551, 82.58500081340492], "0.997": [61.29819424109321, 73.17390597039206, 73.39352529689279, 73.40165934602246, 73.4504636408004, 73.73515536033838, 74.13372376769156, 74.58109646982268, 75.15861395802831, 75.85000813404913, 76.37058727834716, 77.1351878965349, 78.02993330079714, 78.85960631202212, 79.70554742150642, 80.64096307141695, 81.20221246136326, 81.74719375305027, 82.3247112412559, 82.9835692207581], "0.998": [56.3933626159102, 73.1657719212624, 73.39352529689279, 73.40165934602246, 73.58874247600455, 73.99544493248739, 74.62176671547095, 75.05287131934277, 75.59785261102977, 76.09402960793884, 76.74475353831137, 77.31413697738735, 77.9973971042785, 78.75386367333658, 79.6892793232471, 80.86871644704733, 81.86107044086546, 82.59313486253457, 83.08931185944363, 83.56922075809338], "0.999": [58.75223686351065, 73.30405075646657, 73.39352529689279, 73.39352529689279, 73.41792744428176, 73.60501057426387, 74.16625996421018, 74.87392223849032, 75.69546120058565, 76.37058727834716, 76.91556857003417, 77.66390108996258, 78.57491459248413, 79.62420693020985, 80.51081828534244, 81.5519765739385, 82.35724743777452, 82.85342443468359, 83.43094192288922, 83.73190174068651], "1.0": [16.146087522368635, 15.877663901089962, 15.877663901089962, 15.877663901089962, 15.877663901089962, 15.877663901089962, 15.877663901089962, 15.877663901089962, 15.877663901089962, 15.877663901089962, 15.877663901089962, 15.877663901089962, 15.877663901089962, 15.877663901089962, 15.877663901089962, 15.877663901089962, 15.877663901089962, 15.877663901089962, 15.877663901089962, 15.877663901089962]}