{"0.8": [73.42606149341142, 73.86530014641288, 73.88970229380186, 73.91410444119083, 74.15812591508053, 74.71937530502684, 75.28062469497316, 76.13469985358712, 76.3055148853099, 76.5495363591996, 77.08638360175695, 77.96486090775988, 78.45290385553929, 79.20937042459737, 79.96583699365544, 80.20985846754515, 80.5758906783797, 80.72230356271352, 80.94192288921425, 81.40556368960469], "0.81": [73.4504636408004, 73.88970229380186, 73.88970229380186, 73.88970229380186, 74.03611517813567, 74.62176671547095, 75.18301610541728, 75.76866764275256, 76.4031234748658, 76.93997071742314, 77.72083943387018, 78.06246949731576, 78.5993167398731, 79.1849682772084, 79.74621766715471, 80.35627135187896, 80.86871644704733, 81.21034651049293, 81.45436798438263, 81.7227916056613], "0.8200000000000001": [73.2796486090776, 73.88970229380186, 73.88970229380186, 73.84089799902391, 73.9385065885798, 74.49975597852611, 75.50024402147389, 76.25671059053197, 76.91556857003417, 77.40361151781357, 77.69643728648121, 78.33089311859443, 79.08735968765251, 79.23377257198634, 79.33138116154221, 79.86822840409955, 80.13665202537824, 80.28306490971205, 80.77110785749146, 81.21034651049293], "0.8300000000000001": [72.37676915568571, 73.88970229380186, 73.88970229380186, 73.86530014641288, 73.98731088335774, 74.49975597852611, 75.01220107369448, 75.69546120058565, 76.08589555880917, 76.67154709614447, 77.01317715959004, 77.47681795998048, 77.94045876037092, 78.2820888238165, 78.74572962420693, 79.33138116154221, 79.57540263543191, 80.30746705710102, 80.60029282576866, 80.94192288921425], "0.8400000000000001": [73.5236700829673, 73.88970229380186, 73.88970229380186, 73.88970229380186, 74.10932162030258, 74.62176671547095, 75.18301610541728, 75.52464616886286, 76.15910200097609, 76.6471449487555, 77.25719863347975, 77.67203513909224, 78.18448023426062, 78.64812103465106, 79.28257686676427, 79.89263055148854, 80.20985846754515, 80.38067349926794, 80.62469497315763, 80.96632503660322], "0.8500000000000001": [73.86530014641288, 73.91410444119083, 73.88970229380186, 73.88970229380186, 73.96290873596877, 74.32894094680331, 74.59736456808199, 75.18301610541728, 75.8174719375305, 76.232308443143, 76.57393850658858, 77.25719863347975, 77.62323084431429, 78.06246949731576, 78.5993167398731, 78.8433382137628, 79.57540263543191, 80.11224987798926, 80.33186920448999, 80.72230356271352], "0.8600000000000001": [72.30356271351879, 73.88970229380186, 73.88970229380186, 73.88970229380186, 73.98731088335774, 74.47535383113714, 74.81698389458272, 75.35383113714006, 75.30502684236212, 75.52464616886286, 75.96388482186433, 76.69594924353343, 76.91556857003417, 77.45241581259151, 77.91605661298195, 78.55051244509517, 79.08735968765251, 79.6730112249878, 80.25866276232308, 80.47828208882382], "0.8700000000000001": [73.5236700829673, 73.86530014641288, 73.86530014641288, 73.86530014641288, 73.88970229380186, 74.28013665202538, 74.59736456808199, 75.10980966325036, 75.76866764275256, 76.08589555880917, 77.01317715959004, 77.62323084431429, 78.18448023426062, 78.57491459248413, 78.86774036115177, 79.59980478282088, 79.86822840409955, 80.30746705710102, 80.67349926793558, 80.99072718399219], "0.8800000000000001": [73.30405075646657, 73.88970229380186, 73.88970229380186, 73.88970229380186, 73.96290873596877, 74.25573450463641, 74.71937530502684, 74.89019033674964, 75.69546120058565, 76.20790629575403, 77.1351878965349, 77.59882869692532, 78.37969741337238, 79.16056612981943, 79.72181551976574, 80.45387994143485, 80.8199121522694, 81.33235724743777, 81.67398731088336, 81.84480234260614], "0.8900000000000001": [73.01122498779893, 73.88970229380186, 73.91410444119083, 73.91410444119083, 74.0117130307467, 74.23133235724744, 74.35334309419228, 75.08540751586139, 75.86627623230844, 76.69594924353343, 77.18399219131284, 77.84285017081503, 78.40409956076135, 78.72132747681796, 79.0141532454856, 79.2581747193753, 79.69741337237677, 80.16105417276721, 80.67349926793558, 80.77110785749146], "0.9000000000000001": [71.69350902879454, 73.88970229380186, 73.88970229380186, 73.88970229380186, 73.96290873596877, 74.15812591508053, 74.52415812591508, 75.23182040019522, 75.9882869692533, 76.232308443143, 76.91556857003417, 77.42801366520254, 77.72083943387018, 78.33089311859443, 78.98975109809663, 79.38018545632016, 79.89263055148854, 80.11224987798926, 80.5758906783797, 80.86871644704733], "0.9100000000000001": [72.08394338701805, 73.86530014641288, 73.88970229380186, 73.88970229380186, 73.91410444119083, 74.10932162030258, 74.37774524158127, 74.93899463152758, 75.42703757930698, 76.0614934114202, 76.4763299170327, 77.06198145436798, 77.42801366520254, 77.94045876037092, 78.57491459248413, 79.13616398243046, 79.4289897510981, 79.9170326988775, 80.28306490971205, 80.5758906783797], "0.9200000000000002": [73.3528550512445, 73.88970229380186, 73.88970229380186, 73.88970229380186, 73.86530014641288, 74.13372376769156, 74.30453879941435, 74.6705710102489, 75.37823328452905, 75.96388482186433, 76.232308443143, 77.01317715959004, 77.25719863347975, 77.62323084431429, 78.03806734992679, 78.5993167398731, 79.06295754026354, 79.38018545632016, 79.77061981454368, 80.16105417276721], "0.9300000000000002": [71.8887262079063, 73.88970229380186, 73.88970229380186, 73.88970229380186, 73.88970229380186, 74.03611517813567, 74.71937530502684, 75.06100536847242, 75.52464616886286, 76.11029770619814, 76.5495363591996, 76.91556857003417, 77.1351878965349, 77.23279648609078, 77.76964372864812, 78.7701317715959, 79.86822840409955, 80.23426061493412, 80.30746705710102, 80.13665202537824], "0.9400000000000002": [72.30356271351879, 73.88970229380186, 73.88970229380186, 73.88970229380186, 73.81649585163494, 73.96290873596877, 74.15812591508053, 74.71937530502684, 75.45143972669595, 76.03709126403123, 76.6471449487555, 76.9643728648121, 77.3792093704246, 78.18448023426062, 78.5993167398731, 79.0141532454856, 79.33138116154221, 79.89263055148854, 79.81942410932162, 79.86822840409955], "0.9500000000000002": [73.71888726207906, 73.88970229380186, 73.88970229380186, 73.88970229380186, 73.88970229380186, 74.06051732552464, 74.62176671547095, 74.98779892630552, 74.93899463152758, 75.30502684236212, 75.64665690580772, 76.3055148853099, 76.7203513909224, 77.35480722303562, 77.94045876037092, 78.55051244509517, 79.03855539287457, 79.38018545632016, 79.74621766715471, 80.30746705710102], "0.9600000000000002": [73.5236700829673, 73.88970229380186, 73.88970229380186, 73.88970229380186, 73.9385065885798, 73.98731088335774, 74.23133235724744, 74.54856027330405, 74.71937530502684, 75.13421181063934, 75.45143972669595, 76.03709126403123, 76.50073206442167, 77.3792093704246, 77.81844802342606, 78.25768667642753, 78.47730600292826, 79.06295754026354, 79.72181551976574, 80.03904343582235], "0.9700000000000002": [72.35236700829672, 73.86530014641288, 73.88970229380186, 73.88970229380186, 73.86530014641288, 73.81649585163494, 74.1825280624695, 74.08491947291361, 74.69497315763788, 74.98779892630552, 75.30502684236212, 75.9882869692533, 76.25671059053197, 76.84236212786725, 77.23279648609078, 77.59882869692532, 77.89165446559298, 78.81893606637384, 79.28257686676427, 79.59980478282088], "0.9800000000000002": [72.8648121034651, 73.88970229380186, 73.88970229380186, 73.88970229380186, 73.88970229380186, 73.88970229380186, 73.98731088335774, 74.1825280624695, 74.35334309419228, 74.84138604197169, 75.30502684236212, 75.84187408491947, 76.28111273792094, 76.91556857003417, 77.33040507564665, 77.76964372864812, 78.20888238164959, 78.72132747681796, 78.91654465592973, 79.52659834065398], "0.9900000000000002": [73.67008296730113, 73.79209370424597, 73.86530014641288, 73.88970229380186, 73.91410444119083, 73.91410444119083, 73.91410444119083, 73.9385065885798, 73.84089799902391, 73.91410444119083, 74.08491947291361, 74.59736456808199, 74.93899463152758, 75.5734504636408, 75.50024402147389, 75.84187408491947, 76.232308443143, 76.62274280136651, 76.74475353831137, 77.50122010736945],