{"0.9": [71.83992191312835, 73.88970229380186, 73.88970229380186, 73.88970229380186, 73.88970229380186, 74.0117130307467, 74.20693020985847, 74.35334309419228, 75.18301610541728, 75.47584187408492, 75.84187408491947, 76.37872132747682, 76.7203513909224, 76.93997071742314, 77.3792093704246, 77.94045876037092, 78.3552952659834, 78.89214250854076, 79.35578330893118, 79.6730112249878], "0.91": [72.52318204001952, 73.88970229380186, 73.88970229380186, 73.88970229380186, 73.91410444119083, 74.13372376769156, 74.32894094680331, 74.98779892630552, 75.45143972669595, 75.93948267447536, 76.69594924353343, 77.30600292825768, 77.33040507564665, 77.74524158125915, 78.2820888238165, 78.5993167398731, 78.9409468033187, 79.0141532454856, 78.86774036115177, 79.13616398243046], "0.92": [73.0356271351879, 73.88970229380186, 73.88970229380186, 73.88970229380186, 73.98731088335774, 73.98731088335774, 74.08491947291361, 74.37774524158127, 74.96339677891655, 75.52464616886286, 76.15910200097609, 76.7203513909224, 77.20839433870181, 77.47681795998048, 78.30649097120546, 78.42850170815032, 78.7701317715959, 79.2581747193753, 79.57540263543191, 79.94143484626647], "0.93": [72.25475841874085, 73.88970229380186, 73.88970229380186, 73.88970229380186, 73.88970229380186, 73.91410444119083, 73.9385065885798, 74.20693020985847, 74.47535383113714, 74.71937530502684, 75.37823328452905, 75.74426549536359, 76.45192776964373, 76.9643728648121, 77.47681795998048, 78.30649097120546, 78.86774036115177, 79.50219619326501, 79.99023914104441, 80.40507564665691], "0.9400000000000001": [73.15763787213275, 73.88970229380186, 73.88970229380186, 73.88970229380186, 73.88970229380186, 74.25573450463641, 74.69497315763788, 75.06100536847242, 75.64665690580772, 75.89067837969742, 76.4031234748658, 77.35480722303562, 77.67203513909224, 78.40409956076135, 78.67252318204002, 78.9409468033187, 79.47779404587604, 80.23426061493412, 80.8199121522694, 81.16154221571499], "0.9500000000000001": [71.8887262079063, 73.86530014641288, 73.86530014641288, 73.86530014641288, 73.86530014641288, 73.9385065885798, 74.25573450463641, 74.57296242069302, 74.93899463152758, 75.47584187408492, 75.89067837969742, 76.37872132747682, 76.86676427525622, 77.47681795998048, 77.96486090775988, 78.55051244509517, 79.06295754026354, 79.74621766715471, 79.94143484626647, 80.20985846754515], "0.9600000000000001": [72.71839921913129, 73.88970229380186, 73.88970229380186, 73.88970229380186, 73.88970229380186, 74.15812591508053, 74.45095168374817, 74.98779892630552, 75.67105905319669, 75.69546120058565, 76.37872132747682, 76.86676427525622, 77.35480722303562, 77.91605661298195, 78.25768667642753, 78.64812103465106, 78.79453391898487, 79.23377257198634, 79.72181551976574, 80.35627135187896], "0.9700000000000001": [73.64568081991216, 73.88970229380186, 73.88970229380186, 73.88970229380186, 73.84089799902391, 74.28013665202538, 74.59736456808199, 75.13421181063934, 75.50024402147389, 75.86627623230844, 76.79355783308931, 77.47681795998048, 78.06246949731576, 78.72132747681796, 79.0141532454856, 79.45339189848707, 79.79502196193265, 80.18545632015618, 80.20985846754515, 80.45387994143485], "0.9800000000000001": [73.2796486090776, 73.88970229380186, 73.88970229380186, 73.88970229380186, 73.91410444119083, 74.15812591508053, 74.57296242069302, 75.03660322108345, 75.91508052708639, 76.62274280136651, 76.81795998047828, 77.06198145436798, 77.52562225475842, 78.03806734992679, 78.50170815031723, 78.7701317715959, 79.40458760370913, 79.81942410932162, 80.23426061493412, 80.60029282576866], "0.99": [73.25524646168863, 73.91410444119083, 73.88970229380186, 73.86530014641288, 73.88970229380186, 74.1825280624695, 74.45095168374817, 75.15861395802831, 75.74426549536359, 76.3055148853099, 76.7203513909224, 77.20839433870181, 77.69643728648121, 78.45290385553929, 79.06295754026354, 79.45339189848707, 79.89263055148854, 80.16105417276721, 80.67349926793558, 80.94192288921425], "0.991": [71.74231332357247, 73.88970229380186, 73.88970229380186, 73.86530014641288, 73.98731088335774, 74.49975597852611, 74.96339677891655, 75.30502684236212, 75.69546120058565, 75.93948267447536, 76.4031234748658, 77.23279648609078, 77.76964372864812, 78.57491459248413, 79.13616398243046, 79.64860907759883, 80.33186920448999, 80.74670571010249, 81.16154221571499, 81.50317227916057], "0.992": [72.96242069302099, 73.88970229380186, 73.88970229380186, 73.88970229380186, 73.9385065885798, 74.0117130307467, 74.40214738897023, 75.13421181063934, 75.91508052708639, 76.4763299170327, 76.9643728648121, 77.30600292825768, 77.74524158125915, 78.45290385553929, 78.74572962420693, 79.08735968765251, 79.35578330893118, 79.6730112249878, 80.30746705710102, 80.47828208882382], "0.993": [72.96242069302099, 73.88970229380186, 73.88970229380186, 73.9385065885798, 74.45095168374817, 74.84138604197169, 75.47584187408492, 76.25671059053197, 76.69594924353343, 77.15959004392387, 77.25719863347975, 77.74524158125915, 78.25768667642753, 78.86774036115177, 79.50219619326501, 79.77061981454368, 80.20985846754515, 80.77110785749146, 80.99072718399219, 81.13714006832602], "0.994": [73.06002928257686, 73.88970229380186, 73.88970229380186, 73.88970229380186, 73.88970229380186, 73.9385065885798, 74.52415812591508, 74.98779892630552, 75.69546120058565, 76.42752562225476, 77.15959004392387, 77.81844802342606, 78.25768667642753, 78.86774036115177, 79.4289897510981, 80.16105417276721, 80.50268423621279, 80.72230356271352, 80.91752074182529, 81.11273792093704], "0.995": [73.4504636408004, 73.88970229380186, 73.88970229380186, 73.88970229380186, 73.9385065885798, 74.32894094680331, 74.71937530502684, 75.47584187408492, 76.32991703269887, 76.50073206442167, 77.1351878965349, 77.42801366520254, 77.76964372864812, 78.18448023426062, 78.50170815031723, 79.0141532454856, 79.4289897510981, 80.13665202537824, 80.5758906783797, 81.11273792093704], "0.996": [73.30405075646657, 73.88970229380186, 73.88970229380186, 73.88970229380186, 73.9385065885798, 73.767691556857, 74.32894094680331, 74.49975597852611, 74.93899463152758, 75.59785261102977, 75.76866764275256, 76.4031234748658, 77.35480722303562, 78.08687164470473, 78.42850170815032, 79.0141532454856, 78.9409468033187, 79.2581747193753, 79.45339189848707, 79.89263055148854], "0.997": [72.96242069302099, 73.88970229380186, 73.88970229380186, 73.88970229380186, 73.91410444119083, 74.1825280624695, 74.71937530502684, 75.42703757930698, 75.89067837969742, 76.81795998047828, 77.23279648609078, 77.84285017081503, 78.30649097120546, 79.13616398243046, 79.50219619326501, 79.55100048804294, 80.06344558321132, 80.47828208882382, 80.94192288921425, 80.94192288921425], "0.998": [72.8648121034651, 73.88970229380186, 73.88970229380186, 73.91410444119083, 74.28013665202538, 74.71937530502684, 75.28062469497316, 75.67105905319669, 76.15910200097609, 76.69594924353343, 77.35480722303562, 77.91605661298195, 78.13567593948268, 78.40409956076135, 79.38018545632016, 80.20985846754515, 80.50268423621279, 80.74670571010249, 81.13714006832602, 81.28355295265983], "0.999": [73.2796486090776, 73.88970229380186, 73.88970229380186, 73.88970229380186, 73.84089799902391, 74.49975597852611, 74.96339677891655, 75.64665690580772, 76.25671059053197, 76.7203513909224, 77.20839433870181, 77.57442654953635, 77.94045876037092, 78.37969741337238, 78.9409468033187, 79.40458760370913, 79.84382625671059, 80.11224987798926, 80.11224987798926, 80.08784773060029], "1.0": [15.544167886774035, 15.544167886774035, 15.544167886774035, 15.544167886774035, 15.544167886774035, 15.544167886774035, 15.544167886774035, 15.544167886774035, 15.544167886774035, 15.544167886774035, 15.544167886774035, 15.544167886774035, 15.544167886774035, 15.544167886774035, 15.544167886774035, 15.544167886774035, 15.544167886774035, 15.544167886774035, 15.544167886774035, 15.544167886774035]}