{"0.8": [64.2345859768993, 73.32845290385553, 73.38539124776314, 73.40979339515211, 73.49113388644868, 73.86530014641288, 74.43468358548886, 74.89832438587929, 75.6303888075484, 76.37058727834716, 77.11891979827558, 77.74524158125915, 78.50170815031723, 79.2581747193753, 80.20985846754515, 81.0639336261591, 81.80413209695787, 82.51992842036766, 83.2275906946478, 83.76443793720514], "0.81": [67.52887587441028, 73.32845290385553, 73.39352529689279, 73.38539124776314, 73.49113388644868, 73.89783634293151, 74.40214738897023, 74.90645843500894, 75.78493574101188, 76.4031234748658, 77.11891979827558, 77.83471612168537, 78.68065723116968, 79.47779404587604, 80.3888075483976, 81.12900601919635, 81.82853424434684, 82.55246461688628, 83.27639498942574, 83.81324223198308], "0.8200000000000001": [66.80494550187083, 73.29591670733691, 73.39352529689279, 73.38539124776314, 73.58874247600455, 74.34520904506263, 75.00406702456483, 75.80933788840085, 76.62274280136651, 77.09451765088662, 77.72083943387018, 78.21701643077924, 79.07922563852286, 79.87636245322922, 80.38067349926794, 80.8199121522694, 81.11273792093704, 82.04815357084757, 82.3979176834228, 83.08931185944363], "0.8300000000000001": [59.89913779079226, 72.97055474215064, 73.39352529689279, 73.39352529689279, 73.47486578818936, 73.84903204815357, 74.4428176346185, 75.15047990889865, 75.53278021799251, 76.15096795184643, 76.79355783308931, 77.29786887912803, 77.97299495688954, 78.51797624857655, 79.13616398243046, 79.92516674800716, 80.64096307141695, 81.31608914917847, 82.12949406214413, 82.5687327151456], "0.8400000000000001": [69.17195379860094, 73.34472100211485, 73.39352529689279, 73.40165934602246, 73.5236700829673, 73.94664063770945, 74.36147714332195, 74.99593297543517, 75.74426549536359, 76.49259801529202, 77.22466243696113, 78.00553115340817, 78.78639986985522, 79.5428664389133, 80.11224987798926, 80.876850496177, 81.68212136001301, 82.22710265170002, 82.82902228729462, 83.43094192288922], "0.8500000000000001": [69.27769643728648, 73.3528550512445, 73.39352529689279, 73.40165934602246, 73.43419554254108, 73.68635106556043, 74.06865137465431, 74.6705710102489, 75.26435659671384, 75.8744102814381, 76.35431918008784, 76.87489832438588, 77.50122010736945, 77.96486090775988, 78.7701317715959, 79.48592809500569, 80.37253945013828, 81.18594436310396, 82.1376281112738, 82.79648609077599], "0.8600000000000001": [56.49910525459574, 73.07629738083618, 73.39352529689279, 73.39352529689279, 73.38539124776314, 73.64568081991216, 74.11745566943225, 74.47535383113714, 74.93086058239791, 75.5165121197332, 76.26484463966162, 76.87489832438588, 77.48495200911013, 78.1112737920937, 78.79453391898487, 79.6892793232471, 80.6328290222873, 81.34049129656744, 82.04815357084757, 82.73141369773873], "0.8700000000000001": [67.96811452741174, 73.36912314950382, 73.39352529689279, 73.39352529689279, 73.41792744428176, 73.78395965511632, 74.27200260289572, 74.84138604197169, 75.67105905319669, 76.41125752399545, 77.0782495526273, 77.83471612168537, 78.3552952659834, 79.04668944200424, 79.75435171628436, 80.65723116967627, 81.48690418090125, 82.12136001301448, 82.71514559947943, 83.31706523507403], "0.8800000000000001": [61.47714332194566, 73.25524646168863, 73.39352529689279, 73.39352529689279, 73.37725719863349, 73.57247437774524, 73.88970229380186, 74.3696111924516, 74.96339677891655, 75.5165121197332, 76.24044249227265, 77.07011550349765, 77.83471612168537, 78.98161704896698, 79.93330079713681, 80.95819098747356, 81.64145111436473, 82.14576216040345, 82.78021799251667, 83.18692044899952], "0.8900000000000001": [63.518789653489506, 73.20644216691069, 73.39352529689279, 73.39352529689279, 73.40165934602246, 73.67821701643078, 74.19066211159915, 74.6705710102489, 75.19115015454693, 76.02082316577192, 76.70408329266309, 77.21652838783146, 78.05433544818611, 78.57491459248413, 79.36391735806085, 80.0309093866927, 80.6328290222873, 81.38116154221572, 82.05628761997723, 82.45485602733041], "0.9000000000000001": [58.24792581747194, 72.96242069302099, 73.39352529689279, 73.39352529689279, 73.45859768993004, 73.67008296730113, 74.06051732552464, 74.41028143809989, 75.142345859769, 75.86627623230844, 76.44379372051407, 77.11891979827558, 77.79404587603709, 78.39596551163169, 78.98975109809663, 79.89263055148854, 80.8199121522694, 81.51130632829022, 82.09695786562551, 82.60126891166422], "0.9100000000000001": [61.395802830649096, 72.83227590694648, 73.37725719863349, 73.39352529689279, 73.40165934602246, 73.53180413209695, 73.87343419554254, 74.36147714332195, 74.71124125589719, 75.30502684236212, 75.8744102814381, 76.53326826094029, 77.28160078086871, 78.01366520253782, 78.85960631202212, 79.6160728810802, 80.34000325361966, 81.05579957702945, 81.84480234260614, 82.65820725557182], "0.9200000000000002": [68.3341467382463, 73.29591670733691, 73.39352529689279, 73.39352529689279, 73.44232959167073, 73.55620627948593, 73.84903204815357, 74.28827070115503, 74.91459248413861, 75.45143972669595, 76.12656580445746, 76.74475353831137, 77.4361477143322, 78.01366520253782, 78.69692532942899, 79.46965999674639, 80.33186920448999, 80.96632503660322, 81.69025540914267, 82.43858792907109], "0.9300000000000002": [58.003904343582235, 72.9786887912803, 73.39352529689279, 73.39352529689279, 73.41792744428176, 73.5236700829673, 73.97917683422808, 74.3696111924516, 75.0284691719538, 75.64665690580772, 76.19977224662436, 76.89930047177485, 77.63136489344396, 78.24141857816821, 78.87587441028144, 79.81129006019196, 80.55962258012039, 81.4787701317716, 82.20270050431104, 82.78021799251667], "0.9400000000000002": [59.51683748169839, 72.9786887912803, 73.39352529689279, 73.39352529689279, 73.39352529689279, 73.5236700829673, 73.92223849032048, 74.28013665202538, 74.84138604197169, 75.54904831625183, 76.35431918008784, 76.98064096307142, 77.5662925004067, 78.15194403774198, 78.957214901578, 79.59167073369123, 80.28306490971205, 80.99072718399219, 81.69838945827233, 82.21896860257036], "0.9500000000000002": [68.3341467382463, 73.28778265820725, 73.39352529689279, 73.39352529689279, 73.42606149341142, 73.48299983731901, 73.84089799902391, 74.28013665202538, 74.71937530502684, 75.23182040019522, 75.76866764275256, 76.32178298356922, 76.80169188221898, 77.55002440214739, 78.42850170815032, 79.25004067024565, 80.13665202537824, 81.13714006832602, 81.94241093216203, 82.51992842036766], "0.9600000000000002": [66.08914917846104, 73.23897836342931, 73.39352529689279, 73.39352529689279, 73.39352529689279, 73.43419554254108, 73.68635106556043, 74.15812591508053, 74.56482837156337, 75.10980966325036, 75.76866764275256, 76.67154709614447, 77.18399219131284, 77.67203513909224, 78.37969741337238, 79.15243208068976, 79.81942410932162, 80.45387994143485, 81.26728485440051, 81.92614283390272], "0.9700000000000002": [58.581421831787864, 72.93801854563202, 73.39352529689279, 73.40979339515211, 73.43419554254108, 73.5236700829673, 73.87343419554254, 74.23133235724744, 74.57296242069302, 75.10980966325036, 75.58971856190011, 76.15096795184643, 76.67154709614447, 77.17585814218317, 77.9241906621116, 78.5261102977062, 79.26630876850496, 79.90076460061819, 80.73043761184317, 81.40556368960469], "0.9800000000000002": [64.25085407515861, 73.01122498779893, 73.40165934602246, 73.39352529689279, 73.40165934602246, 73.43419554254108, 73.4504636408004, 73.60501057426387, 74.05238327639499, 74.32080689767366, 74.75191150154546, 75.23995444932487, 75.86627623230844, 76.33805108182854, 77.07011550349765, 77.59882869692532, 78.25768667642753, 78.88400845941109, 79.72994956889539, 80.55962258012039], "0.9900000000000002": [69.2939645355458, 73.3365869529852, 73.40165934602246, 73.39352529689279, 73.40165934602246, 73.39352529689279, 73.41792744428176, 73.41792744428176, 73.5236700829673, 73.64568081991216, 73.78395965511632, 74.32080689767366, 74.89019033674964, 75.22368635106557, 75.8744102814381, 76.49259801529202, 77.06198145436798, 77.69643728648121, 78.20888238164959, 78.61558483813242],