{"0.8": [73.81649585163494, 73.86530014641288, 74.06051732552464, 74.4265495363592, 75.93948267447536, 77.57442654953635, 78.16007808687165, 79.13616398243046, 80.28306490971205, 80.11224987798926, 80.23426061493412, 80.28306490971205, 80.30746705710102, 79.9170326988775, 79.47779404587604, 79.77061981454368, 79.55100048804294, 78.06246949731576, 79.35578330893118, 77.20839433870181], "0.81": [73.71888726207906, 73.86530014641288, 73.9385065885798, 74.93899463152758, 76.74475353831137, 77.76964372864812, 79.11176183504148, 79.81942410932162, 80.72230356271352, 80.77110785749146, 80.91752074182529, 80.84431429965836, 80.47828208882382, 79.59980478282088, 78.45290385553929, 78.64812103465106, 78.30649097120546, 78.03806734992679, 73.42606149341142, 75.5734504636408], "0.8200000000000001": [73.86530014641288, 73.88970229380186, 73.86530014641288, 75.62225475841873, 76.59834065397754, 78.25768667642753, 79.30697901415324, 79.89263055148854, 79.9170326988775, 79.84382625671059, 79.59980478282088, 79.28257686676427, 78.06246949731576, 78.40409956076135, 78.23328452903856, 75.52464616886286, 78.33089311859443, 79.38018545632016, 77.52562225475842, 77.52562225475842], "0.8300000000000001": [73.84089799902391, 73.91410444119083, 74.06051732552464, 74.81698389458272, 76.50073206442167, 78.40409956076135, 79.52659834065398, 79.79502196193265, 79.89263055148854, 80.64909712054661, 80.74670571010249, 80.35627135187896, 80.18545632015618, 79.03855539287457, 78.64812103465106, 77.94045876037092, 79.89263055148854, 77.72083943387018, 78.45290385553929, 78.9409468033187], "0.8400000000000001": [73.91410444119083, 73.91410444119083, 74.1825280624695, 75.64665690580772, 77.40361151781357, 77.42801366520254, 79.69741337237677, 80.25866276232308, 81.0639336261591, 80.74670571010249, 81.21034651049293, 80.79551000488043, 80.94192288921425, 80.67349926793558, 80.40507564665691, 79.99023914104441, 79.59980478282088, 78.25768667642753, 78.2820888238165, 78.03806734992679], "0.8500000000000001": [73.67008296730113, 73.86530014641288, 73.767691556857, 75.01220107369448, 76.11029770619814, 78.37969741337238, 79.94143484626647, 80.89311859443632, 81.42996583699366, 81.3079551000488, 81.18594436310396, 80.64909712054661, 80.74670571010249, 80.18545632015618, 79.81942410932162, 79.69741337237677, 78.89214250854076, 78.47730600292826, 79.0141532454856, 79.79502196193265], "0.8600000000000001": [73.3528550512445, 73.9385065885798, 74.10932162030258, 75.47584187408492, 77.23279648609078, 78.23328452903856, 79.45339189848707, 80.33186920448999, 81.28355295265983, 81.08833577354807, 81.0639336261591, 79.77061981454368, 79.50219619326501, 79.9170326988775, 79.64860907759883, 77.79404587603709, 78.98975109809663, 78.50170815031723, 76.57393850658858, 78.45290385553929], "0.8700000000000001": [73.81649585163494, 73.88970229380186, 73.86530014641288, 74.52415812591508, 76.4763299170327, 77.57442654953635, 79.13616398243046, 79.55100048804294, 80.64909712054661, 80.96632503660322, 80.72230356271352, 80.64909712054661, 80.42947779404588, 78.86774036115177, 78.7701317715959, 79.33138116154221, 77.3792093704246, 77.69643728648121, 76.9643728648121, 78.13567593948268], "0.8800000000000001": [73.81649585163494, 73.86530014641288, 73.84089799902391, 74.45095168374817, 76.76915568570034, 77.59882869692532, 78.79453391898487, 78.9409468033187, 79.9170326988775, 80.01464128843338, 80.45387994143485, 80.30746705710102, 80.16105417276721, 78.47730600292826, 76.62274280136651, 78.5993167398731, 77.45241581259151, 76.93997071742314, 78.37969741337238, 79.64860907759883], "0.8900000000000001": [73.767691556857, 73.88970229380186, 74.0117130307467, 74.37774524158127, 77.23279648609078, 78.64812103465106, 79.84382625671059, 80.28306490971205, 81.01512933138116, 81.16154221571499, 81.42996583699366, 80.45387994143485, 79.94143484626647, 79.72181551976574, 78.1112737920937, 79.59980478282088, 78.33089311859443, 79.77061981454368, 79.11176183504148, 79.33138116154221], "0.9000000000000001": [73.57247437774524, 73.88970229380186, 73.74328940946803, 74.57296242069302, 76.08589555880917, 78.45290385553929, 79.2581747193753, 80.42947779404588, 81.0639336261591, 80.91752074182529, 80.99072718399219, 80.91752074182529, 79.96583699365544, 78.08687164470473, 78.47730600292826, 78.89214250854076, 78.42850170815032, 77.20839433870181, 78.37969741337238, 77.94045876037092], "0.9100000000000001": [73.79209370424597, 73.88970229380186, 73.79209370424597, 75.20741825280625, 76.37872132747682, 78.62371888726207, 79.74621766715471, 80.47828208882382, 80.74670571010249, 80.55148853099072, 80.30746705710102, 79.79502196193265, 78.96534895070766, 79.77061981454368, 78.72132747681796, 80.47828208882382, 79.16056612981943, 78.55051244509517, 78.33089311859443, 78.5261102977062], "0.9200000000000002": [73.6944851146901, 73.81649585163494, 73.96290873596877, 74.91459248413861, 76.37872132747682, 77.96486090775988, 79.84382625671059, 80.72230356271352, 80.74670571010249, 81.11273792093704, 80.94192288921425, 79.86822840409955, 79.03855539287457, 78.62371888726207, 79.28257686676427, 78.2820888238165, 78.8433382137628, 78.37969741337238, 78.20888238164959, 77.3792093704246], "0.9300000000000002": [73.84089799902391, 73.88970229380186, 74.47535383113714, 75.54904831625183, 77.74524158125915, 79.62420693020985, 80.77110785749146, 81.16154221571499, 80.99072718399219, 80.35627135187896, 79.6730112249878, 79.38018545632016, 78.98975109809663, 77.91605661298195, 78.62371888726207, 78.01366520253782, 78.81893606637384, 77.98926305514885, 77.69643728648121, 78.06246949731576], "0.9400000000000002": [73.79209370424597, 73.86530014641288, 73.86530014641288, 73.98731088335774, 76.03709126403123, 78.5261102977062, 79.72181551976574, 80.35627135187896, 80.33186920448999, 80.5758906783797, 80.23426061493412, 80.30746705710102, 79.2581747193753, 79.86822840409955, 79.94143484626647, 79.69741337237677, 78.67252318204002, 78.03806734992679, 78.03806734992679, 77.81844802342606], "0.9500000000000002": [73.79209370424597, 73.86530014641288, 73.98731088335774, 75.30502684236212, 77.42801366520254, 78.37969741337238, 79.28257686676427, 80.60029282576866, 80.96632503660322, 80.35627135187896, 79.55100048804294, 79.69741337237677, 79.96583699365544, 80.20985846754515, 79.03855539287457, 79.57540263543191, 79.94143484626647, 79.86822840409955, 79.28257686676427, 80.13665202537824], "0.9600000000000002": [73.74328940946803, 73.86530014641288, 74.0117130307467, 74.6705710102489, 77.79404587603709, 78.91654465592973, 79.33138116154221, 80.11224987798926, 79.38018545632016, 79.40458760370913, 78.3552952659834, 79.13616398243046, 79.28257686676427, 79.55100048804294, 79.57540263543191, 79.77061981454368, 80.45387994143485, 80.47828208882382, 80.38067349926794, 79.84382625671059], "0.9700000000000002": [73.71888726207906, 73.91410444119083, 74.10932162030258, 73.98731088335774, 77.11078574914592, 78.91654465592973, 79.6730112249878, 80.11224987798926, 80.5758906783797, 79.89263055148854, 80.18545632015618, 79.77061981454368, 80.03904343582235, 79.64860907759883, 80.23426061493412, 78.86774036115177, 79.13616398243046, 79.57540263543191, 76.3055148853099, 78.20888238164959], "0.9800000000000002": [73.5968765251342, 73.767691556857, 73.40165934602246, 73.81649585163494, 77.33040507564665, 77.91605661298195, 79.1849682772084, 80.35627135187896, 81.42996583699366, 80.47828208882382, 80.64909712054661, 79.84382625671059, 78.01366520253782, 78.33089311859443, 80.33186920448999, 77.42801366520254, 75.64665690580772, 79.50219619326501, 79.57540263543191, 80.30746705710102], "0.9900000000000002": [73.84089799902391, 73.86530014641288, 73.91410444119083, 73.88970229380186, 76.6471449487555, 78.5261102977062, 78.5993167398731, 79.13616398243046, 79.62420693020985, 79.47779404587604, 76.93997071742314, 76.6471449487555, 79.30697901415324, 79.08735968765251, 79.55100048804294, 79.74621766715471, 79.38018545632016, 78.8433382137628, 77.59882869692532, 75.8174719375305],