{"0.8": [66.25183016105417, 73.38539124776314, 73.47486578818936, 74.19066211159915, 76.05335936229055, 78.46917195379861, 80.4620139905645, 81.99121522693997, 83.9027167724093, 85.30990727183992, 87.05872783471612, 88.84008459411095, 90.49129656743126, 91.88221896860257, 93.34634781194079, 94.57458923051895, 95.355457946966, 96.39661623556206, 97.29949568895397, 97.99088986497479], "0.81": [63.941760208231656, 73.38539124776314, 73.47486578818936, 74.4428176346185, 76.37058727834716, 78.96534895070766, 80.86058239791768, 82.83715633642427, 84.53717260452252, 86.15584838132422, 87.79079225638523, 89.51521067187245, 91.15828859606312, 92.92337725719864, 94.02960793883194, 95.32292175044738, 96.30714169513584, 97.07987636245323, 97.83634293151131, 98.42199446884659], "0.8200000000000001": [70.42459736456809, 73.39352529689279, 73.56434032861559, 75.0284691719538, 77.55815845127705, 79.92516674800716, 81.57637872132747, 83.12998210509191, 84.63478119407841, 86.41613795347324, 87.97787538636733, 89.66975760533593, 91.39417602082317, 92.79323247112413, 94.24922726533268, 95.51813892955913, 96.5592972181552, 97.26695949243533, 97.99088986497479, 98.41386041971694], "0.8300000000000001": [66.85374979664877, 73.40165934602246, 73.41792744428176, 74.4834878802668, 76.91556857003417, 79.33951521067188, 81.10460387180738, 82.91849682772084, 84.691719537986, 86.09891003741663, 88.01041158288596, 89.76736619489182, 91.32910362778591, 92.58988124288271, 93.91573125101675, 95.20091101350252, 96.20953310557996, 96.87652513421182, 97.42964047502846, 97.99088986497479], "0.8400000000000001": [66.25996421018382, 73.39352529689279, 73.50740198470798, 74.52415812591508, 76.53326826094029, 79.0710915893932, 81.40556368960469, 83.16251830161055, 85.04148365056125, 86.82284040995607, 88.79941434846266, 90.4099560761347, 91.68700178949081, 93.63917358060843, 94.80234260614934, 95.91670733691231, 96.79518464291525, 97.75500244021474, 98.27558158451276, 98.52773710753213], "0.8500000000000001": [61.34699853587116, 73.3528550512445, 73.48299983731901, 74.59736456808199, 77.03757930697901, 79.42085570196843, 81.31608914917847, 83.43094192288922, 85.28550512445095, 87.26207906295754, 88.91329103627785, 90.710915893932, 92.55734504636408, 94.13535057751749, 95.26598340653977, 96.5023588742476, 97.36456808199121, 97.83634293151131, 98.34065397755002, 98.88563526923703], "0.8600000000000001": [60.28957214901578, 73.26338051081828, 73.46673173905971, 74.73564340328616, 77.27346673173906, 79.5428664389133, 81.6495851634944, 83.86204652676102, 86.05010574263869, 87.70945176508866, 89.60468521229868, 91.68700178949081, 92.07743614771434, 93.6635757279974, 95.15210671872458, 96.76264844639661, 97.78753863673336, 98.22677728973483, 98.88563526923703, 98.88563526923703], "0.8700000000000001": [65.3814869041809, 73.38539124776314, 73.48299983731901, 74.83325199284204, 77.5093541564991, 79.48592809500569, 81.45436798438263, 83.5285505124451, 85.47258825443306, 87.48983243858792, 89.36066373840897, 91.48365056124939, 93.11046038718074, 94.66406377094518, 95.7865625508378, 96.74638034813731, 97.51911501545469, 98.32438587929072, 98.59280950056939, 99.0971205466081], "0.8800000000000001": [62.06279485928095, 73.38539124776314, 73.47486578818936, 74.4834878802668, 77.48495200911013, 79.99837319017406, 81.70652350740198, 83.87831462502034, 85.91182690743452, 87.96974133723768, 89.88937693183667, 91.82528062469497, 93.46835854888563, 94.94875549048317, 95.81096469822678, 96.79518464291525, 97.86074507890028, 98.51146900927282, 98.6660159427363, 99.07271839921913], "0.8900000000000001": [66.68293476492597, 73.36912314950382, 73.5236700829673, 74.77631364893443, 77.97299495688954, 79.64860907759883, 81.99121522693997, 84.25248088498455, 86.27785911826908, 88.46591833414674, 90.29607938831951, 92.25638522856678, 93.9645355457947, 95.4123962908736, 96.39661623556206, 96.56743126728486, 97.62485765414023, 98.1942410932162, 98.73108833577355, 99.02391410444119], "0.9000000000000001": [59.834065397755005, 73.36098910037417, 73.44232959167073, 74.36147714332195, 76.67968114527412, 79.70554742150642, 82.07255571823654, 84.1874084919473, 86.24532292175044, 88.40897999023915, 90.33674963396778, 92.27265332682609, 94.06214413535058, 95.76216040344883, 96.90092728160079, 97.66552789978851, 98.2511794371238, 98.73108833577355, 98.86123312184806, 98.99137790792257], "0.9100000000000001": [68.78151944037742, 73.39352529689279, 73.49926793557833, 74.857654140231, 77.45241581259151, 80.3888075483976, 82.72327964860908, 85.05775174882056, 87.34341955425411, 89.25492109972345, 91.75207418252806, 93.65544167886775, 95.40426224174394, 96.57556531641451, 97.43777452415813, 98.10476655278998, 98.60094354969904, 99.08898649747844, 98.9669757605336, 98.93443956401497], "0.9200000000000002": [65.38962095331055, 73.38539124776314, 73.48299983731901, 74.31267284854401, 77.46868391085083, 80.45387994143485, 82.65007320644217, 85.23670082967301, 87.57930697901415, 89.84057263705873, 92.34585976899301, 94.24922726533268, 95.79469659996747, 96.96599967463804, 97.55165121197332, 98.16170489669757, 98.59280950056939, 98.69041809012526, 98.86936717097771, 98.99137790792257], "0.9300000000000002": [66.40637709451765, 73.40165934602246, 73.56434032861559, 75.19928420367658, 78.38783146250204, 80.98259313486254, 83.56108670896373, 86.23718887262079, 88.62859931673988, 91.08508215389621, 93.2324711241256, 94.98942573613145, 96.10379046689442, 96.67317390597039, 97.22628924678705, 97.91768342280787, 98.18610704408654, 98.37319017406865, 99.07271839921913, 99.2272653326826], "0.9400000000000002": [65.85326175370099, 73.39352529689279, 73.45859768993004, 74.00357898161705, 76.5495363591996, 79.87636245322922, 82.51992842036766, 84.82186432406051, 87.44102814380999, 90.02765576704083, 92.69562388156824, 94.77794045876037, 96.51862697250691, 97.35643403286156, 97.86074507890028, 98.34065397755002, 98.78802667968114, 98.89376931836668, 98.80429477794046, 98.44639661623556], "0.9500000000000002": [63.225963884821866, 73.36098910037417, 73.50740198470798, 74.45908573287782, 77.9241906621116, 80.91752074182529, 83.65056124938995, 86.46494224825118, 88.86448674149992, 91.51618675776801, 93.56596713844152, 93.86692695623881, 95.1114364730763, 96.84398893769318, 97.8770131771596, 98.32438587929072, 98.34065397755002, 98.32438587929072, 98.8530990727184, 99.08898649747844], "0.9600000000000002": [65.51976573938506, 73.38539124776314, 73.45859768993004, 74.56482837156337, 77.7533756303888, 80.60029282576866, 83.81324223198308, 86.77403611517813, 89.25492109972345, 91.45111436473076, 93.8506588579795, 95.17650886611355, 96.19326500732065, 97.42150642589881, 98.14543679843827, 98.64974784447698, 98.77175858142184, 98.82056287619977, 98.90190336749635, 99.25980152920124], "0.9700000000000002": [63.958028306490974, 73.36912314950382, 73.51553603383765, 74.32080689767366, 77.79404587603709, 80.47014803969417, 84.04912965674313, 86.611355132585, 89.22238490320481, 91.64633154384252, 93.25687327151456, 94.65592972181553, 95.94924353343094, 96.83585488856353, 97.86074507890028, 98.21050919147552, 98.64974784447698, 99.08898649747844, 98.87750122010738, 98.68228404099561], "0.9800000000000002": [66.658532617537, 73.41792744428176, 73.43419554254108, 74.3696111924516, 76.95623881568244, 79.92516674800716, 83.23572474377745, 86.11517813567593, 88.55539287457296, 90.58890515698715, 92.32959167073369, 94.42004229705547, 94.66406377094518, 95.22531316089149, 95.61574751911502, 96.87652513421182, 97.51098096632504, 97.80380673499268, 97.61672360501058, 98.6660159427363], "0.9900000000000002": [69.22075809337889, 73.40165934602246, 73.45859768993004, 73.85716609728323, 76.3055148853099, 79.75435171628436, 82.511794371238, 84.58597689930048, 87.00178949080852, 88.12428827070116, 90.29607938831951, 91.60566129819424, 93.08605823979177, 95.00569383439075, 96.73011224987799, 97.55978526110297, 94.37937205140719, 96.0143159264682, 96.46982267772897, 97.73873434195542],