{"0.9": [73.79209370424597, 73.91410444119083, 74.32894094680331, 76.25671059053197, 78.3552952659834, 79.86822840409955, 79.69741337237677, 80.94192288921425, 81.4787701317716, 81.60078086871644, 80.94192288921425, 80.89311859443632, 81.28355295265983, 75.37823328452905, 79.9170326988775, 81.01512933138116, 78.25768667642753, 77.62323084431429, 79.79502196193265, 79.47779404587604], "0.91": [73.6944851146901, 73.81649585163494, 74.89019033674964, 77.03757930697901, 78.72132747681796, 79.79502196193265, 80.99072718399219, 80.30746705710102, 81.28355295265983, 81.8936066373841, 81.74719375305027, 75.42703757930698, 74.28013665202538, 75.25622254758419, 74.25573450463641, 77.59882869692532, 78.3552952659834, 79.55100048804294, 79.64860907759883, 80.67349926793558], "0.92": [73.71888726207906, 73.86530014641288, 75.03660322108345, 76.79355783308931, 77.55002440214739, 78.20888238164959, 80.08784773060029, 80.62469497315763, 81.13714006832602, 81.38116154221572, 76.03709126403123, 79.16056612981943, 80.77110785749146, 80.5758906783797, 79.50219619326501, 80.01464128843338, 76.45192776964373, 75.67105905319669, 76.7203513909224, 78.3552952659834], "0.93": [73.84089799902391, 73.9385065885798, 75.23182040019522, 77.1351878965349, 78.55051244509517, 79.2581747193753, 79.6730112249878, 81.18594436310396, 80.94192288921425, 81.2347486578819, 79.40458760370913, 79.79502196193265, 81.18594436310396, 79.64860907759883, 77.33040507564665, 77.01317715959004, 80.25866276232308, 80.23426061493412, 80.28306490971205, 79.20937042459737], "0.9400000000000001": [73.767691556857, 73.98731088335774, 75.10980966325036, 77.28160078086871, 79.1849682772084, 80.64909712054661, 81.33235724743777, 80.84431429965836, 80.67349926793558, 80.23426061493412, 79.2581747193753, 80.13665202537824, 79.35578330893118, 78.8433382137628, 79.16056612981943, 80.72230356271352, 78.47730600292826, 80.86871644704733, 79.94143484626647, 69.74133723767692], "0.9500000000000001": [73.86530014641288, 73.91410444119083, 74.40214738897023, 76.74475353831137, 78.50170815031723, 79.45339189848707, 79.84382625671059, 80.35627135187896, 80.67349926793558, 80.60029282576866, 79.96583699365544, 80.01464128843338, 79.77061981454368, 76.5495363591996, 76.69594924353343, 77.23279648609078, 77.94045876037092, 78.20888238164959, 71.79111761835041, 73.96290873596877], "0.9600000000000001": [73.88970229380186, 73.88970229380186, 74.86578818936066, 77.08638360175695, 79.45339189848707, 80.94192288921425, 81.77159590043924, 82.69887750122011, 82.11322596388482, 81.62518301610542, 80.47828208882382, 80.99072718399219, 80.13665202537824, 81.28355295265983, 80.03904343582235, 81.03953147877013, 80.67349926793558, 80.55148853099072, 77.28160078086871, 75.23182040019522], "0.9700000000000001": [73.86530014641288, 73.9385065885798, 74.71937530502684, 77.15959004392387, 78.8433382137628, 80.11224987798926, 80.72230356271352, 80.11224987798926, 80.38067349926794, 80.69790141532455, 79.23377257198634, 80.50268423621279, 78.13567593948268, 80.62469497315763, 79.06295754026354, 78.8433382137628, 76.76915568570034, 74.54856027330405, 76.62274280136651, 78.81893606637384], "0.9800000000000001": [73.81649585163494, 73.88970229380186, 74.47535383113714, 76.03709126403123, 78.89214250854076, 79.6730112249878, 80.74670571010249, 80.50268423621279, 80.25866276232308, 78.47730600292826, 77.89165446559298, 77.64763299170328, 77.52562225475842, 78.89214250854076, 78.69692532942899, 77.867252318204, 76.93997071742314, 78.64812103465106, 78.69692532942899, 79.84382625671059], "0.99": [73.74328940946803, 73.88970229380186, 74.13372376769156, 75.3294289897511, 76.67154709614447, 78.86774036115177, 80.28306490971205, 80.35627135187896, 80.18545632015618, 80.25866276232308, 79.40458760370913, 78.23328452903856, 78.79453391898487, 79.89263055148854, 79.96583699365544, 78.69692532942899, 79.69741337237677, 79.0141532454856, 78.69692532942899, 77.96486090775988], "0.991": [73.81649585163494, 73.88970229380186, 74.10932162030258, 75.35383113714006, 77.67203513909224, 78.8433382137628, 79.62420693020985, 80.23426061493412, 80.47828208882382, 80.13665202537824, 80.13665202537824, 79.81942410932162, 78.5261102977062, 79.16056612981943, 77.91605661298195, 78.55051244509517, 76.76915568570034, 78.50170815031723, 77.52562225475842, 78.55051244509517], "0.992": [73.81649585163494, 73.86530014641288, 73.6944851146901, 75.06100536847242, 75.69546120058565, 76.86676427525622, 78.74572962420693, 80.30746705710102, 80.08784773060029, 80.60029282576866, 80.55148853099072, 80.35627135187896, 80.18545632015618, 80.03904343582235, 78.5261102977062, 80.18545632015618, 79.08735968765251, 77.67203513909224, 77.72083943387018, 77.98926305514885], "0.993": [73.86530014641288, 73.86530014641288, 73.98731088335774, 75.01220107369448, 76.84236212786725, 78.40409956076135, 79.30697901415324, 79.6730112249878, 79.89263055148854, 79.50219619326501, 79.0141532454856, 79.50219619326501, 78.96534895070766, 79.11176183504148, 78.25768667642753, 78.3552952659834, 78.79453391898487, 77.55002440214739, 78.16007808687165, 79.2581747193753], "0.994": [73.32845290385553, 73.86530014641288, 73.71888726207906, 73.86530014641288, 75.35383113714006, 77.67203513909224, 78.74572962420693, 79.20937042459737, 80.08784773060029, 80.40507564665691, 80.52708638360176, 80.38067349926794, 79.74621766715471, 79.6730112249878, 79.2581747193753, 79.55100048804294, 79.11176183504148, 77.867252318204, 77.67203513909224, 77.03757930697901], "0.995": [73.88970229380186, 73.86530014641288, 73.86530014641288, 73.96290873596877, 75.25622254758419, 76.232308443143, 78.01366520253782, 79.30697901415324, 79.06295754026354, 79.2581747193753, 79.72181551976574, 79.86822840409955, 79.38018545632016, 79.89263055148854, 78.5993167398731, 78.62371888726207, 77.20839433870181, 78.8433382137628, 79.0141532454856, 78.47730600292826], "0.996": [73.49926793557833, 73.84089799902391, 73.86530014641288, 73.64568081991216, 74.49975597852611, 77.20839433870181, 78.13567593948268, 78.33089311859443, 79.9170326988775, 80.11224987798926, 80.28306490971205, 80.38067349926794, 79.96583699365544, 80.03904343582235, 79.74621766715471, 79.89263055148854, 78.8433382137628, 78.74572962420693, 78.64812103465106, 77.67203513909224], "0.997": [73.64568081991216, 73.88970229380186, 73.96290873596877, 74.30453879941435, 73.91410444119083, 76.32991703269887, 77.94045876037092, 78.1112737920937, 79.40458760370913, 79.84382625671059, 79.9170326988775, 80.06344558321132, 79.86822840409955, 79.59980478282088, 78.9409468033187, 78.86774036115177, 78.81893606637384, 78.30649097120546, 77.57442654953635, 78.42850170815032], "0.998": [73.88970229380186, 73.88970229380186, 74.08491947291361, 73.86530014641288, 74.32894094680331, 75.10980966325036, 76.25671059053197, 76.69594924353343, 78.06246949731576, 79.35578330893118, 78.67252318204002, 78.7701317715959, 78.69692532942899, 79.16056612981943, 79.47779404587604, 79.55100048804294, 79.2581747193753, 78.81893606637384, 78.72132747681796, 78.79453391898487], "0.999": [73.767691556857, 73.88970229380186, 73.84089799902391, 74.32894094680331, 74.91459248413861, 75.28062469497316, 75.93948267447536, 77.55002440214739, 78.1112737920937, 79.13616398243046, 79.45339189848707, 79.86822840409955, 79.9170326988775, 79.89263055148854, 79.74621766715471, 79.59980478282088, 78.57491459248413, 78.7701317715959, 78.86774036115177, 78.79453391898487], "1.0": [73.86530014641288, 73.88970229380186, 73.88970229380186, 74.10932162030258, 74.23133235724744, 74.62176671547095, 74.93899463152758, 75.52464616886286, 76.08589555880917, 76.4763299170327, 77.06198145436798, 77.52562225475842, 77.81844802342606, 78.06246949731576, 78.37969741337238, 78.5993167398731, 79.1849682772084, 79.62420693020985, 79.69741337237677, 80.11224987798926]}