{"0.9": [63.86041971693509, 73.40979339515211, 73.8246299007646, 75.95575077273466, 78.20074833251992, 80.49455018708314, 81.64145111436473, 82.86969253294289, 84.43956401496665, 85.68407353180413, 86.65202537823329, 87.39222384903205, 88.75061005368472, 89.79176834228079, 89.35252968927932, 89.46640637709451, 91.49178461037904, 92.72816007808687, 93.02911989588416, 93.29754351716285], "0.91": [61.55848381324223, 73.40165934602246, 73.94664063770945, 75.96388482186433, 78.68065723116968, 80.92565479095494, 82.4955262729787, 83.88644867414999, 85.26923702619163, 86.22092077436147, 87.47356434032862, 88.70180575890679, 89.55588091752074, 90.34488368309745, 91.80901252643567, 93.02911989588416, 92.31332357247437, 92.52480884984546, 93.39515210671873, 94.60712542703757], "0.92": [63.42931511306328, 73.44232959167073, 74.19066211159915, 76.44379372051407, 78.9409468033187, 80.96632503660322, 82.27590694647796, 83.73190174068651, 85.30177322271027, 86.28599316739873, 87.34341955425411, 87.96974133723768, 88.43338213762812, 90.44249227265333, 91.89848706686189, 92.89084106068, 93.77745241581259, 94.28989751098096, 95.51000488042948, 95.56694322433708], "0.93": [67.25231820400195, 73.38539124776314, 73.97104278509842, 76.10216365706849, 78.75386367333658, 81.09646982267773, 82.96730112249878, 84.53717260452252, 86.0094354969904, 87.27021311208719, 87.89653489507077, 88.98649747844478, 89.42573613144623, 90.82479258174719, 91.57312510167561, 93.01285179762486, 92.67122173417927, 93.75305026842362, 95.1114364730763, 95.46933463478119], "0.9400000000000001": [62.17667154709614, 73.37725719863349, 74.07678542378396, 76.51700016268099, 79.69741337237677, 81.60078086871644, 83.21945664551814, 84.87066861883845, 86.39173580608427, 88.08361802505287, 89.27118919798275, 90.32861558483813, 92.14250854075159, 93.10232633805109, 94.11908247925817, 94.24109321620303, 94.85928095005694, 95.03009598177972, 95.85163494387506, 96.32340979339516], "0.9500000000000001": [67.26858630226127, 73.38539124776314, 74.09305352204328, 76.59834065397754, 79.22563852285668, 81.41369773873434, 83.27639498942574, 84.82999837319018, 86.5544167886774, 87.84773060029282, 89.84870668618838, 90.97933951521067, 92.12624044249227, 93.51716284366357, 94.42817634618513, 95.17650886611355, 95.57507727346673, 96.51862697250691, 95.89230518952334, 97.21002114852774], "0.9600000000000001": [71.042785098422, 73.38539124776314, 73.74328940946803, 76.1753700992354, 78.85147226289247, 81.49503823003091, 83.53668456157475, 85.75727997397104, 87.67691556857004, 89.41760208231658, 91.21522693997072, 92.66308768504962, 93.72864812103465, 95.11957052220595, 95.64828371563364, 96.46168862859932, 97.03920611680495, 97.42150642589881, 97.65739385065886, 97.31576378721327], "0.9700000000000001": [68.38295103302424, 73.39352529689279, 74.07678542378396, 76.50886611355132, 79.50219619326501, 81.95054498129169, 84.03286155848382, 85.8792907109159, 87.73385391247763, 89.55588091752074, 91.11761835041483, 92.49227265332682, 94.16788677403612, 95.38799414348463, 96.33967789165446, 97.21002114852774, 97.8932812754189, 98.25931348625346, 98.35692207580934, 98.24304538799414], "0.9800000000000001": [64.08817309256548, 73.37725719863349, 73.72702131120872, 76.01268911664226, 79.14429803156011, 81.28355295265983, 83.39840572637058, 85.25296892793233, 87.4572962420693, 89.23051895233448, 91.09321620302586, 92.56547909549374, 94.18415487229542, 95.46933463478119, 96.24206930209859, 97.0473401659346, 97.35643403286156, 97.03107206767528, 97.61672360501058, 98.01529201236376], "0.99": [62.542703757930695, 73.39352529689279, 73.48299983731901, 74.70310720676753, 77.53375630388807, 80.36440540100863, 82.9266308768505, 85.25296892793233, 87.2132747681796, 89.49894257361315, 91.66259964210184, 93.62290548234911, 95.27411745566943, 96.30714169513584, 97.27509354156498, 97.94208557019684, 98.16170489669757, 98.56027330405075, 98.89376931836668, 99.0401822027005], "0.991": [66.07288108020173, 73.39352529689279, 73.54807223035627, 74.98779892630552, 77.94045876037092, 80.43761184317553, 82.53619651862697, 84.72425573450464, 86.9692532942899, 89.15731251016756, 91.255897185619, 93.06979014153245, 94.50138278835205, 95.94110948430128, 96.99040182202701, 97.84447698064096, 98.32438587929072, 98.44639661623556, 98.90190336749635, 99.24353343094192], "0.992": [68.94420042297055, 73.41792744428176, 73.57247437774524, 74.6705710102489, 77.01317715959004, 79.72994956889539, 81.6658532617537, 83.87831462502034, 86.13958028306492, 88.27883520416464, 90.38555392874574, 92.35399381812266, 94.55832113225964, 95.7702944525785, 96.86839108508215, 97.68179599804783, 98.18610704408654, 98.69041809012526, 98.87750122010738, 99.0971205466081], "0.993": [63.7465430291199, 73.36098910037417, 73.5236700829673, 74.26386855376606, 76.97250691394176, 79.48592809500569, 81.64145111436473, 83.86204652676102, 85.98503334960144, 88.16495851634944, 90.22287294615259, 92.39466406377095, 94.28989751098096, 95.6564177647633, 96.78705059378558, 97.74686839108509, 98.16170489669757, 98.6660159427363, 99.00764600618187, 98.86123312184806], "0.994": [60.232633805108186, 73.34472100211485, 73.38539124776314, 73.70261916381975, 75.75239954449324, 78.53424434683585, 80.86871644704733, 83.08117781031397, 85.37497966487717, 87.44916219293964, 89.21425085407516, 91.35350577517488, 93.29754351716285, 94.78607450789002, 96.49422482511794, 97.6329917032699, 98.24304538799414, 98.69041809012526, 98.95070766227428, 99.18659508703432], "0.995": [68.87099398080365, 73.38539124776314, 73.44232959167073, 73.90597039206116, 76.25671059053197, 78.8433382137628, 80.59215877663901, 82.79648609077599, 85.2204327314137, 87.18887262079063, 89.05970392061168, 91.03627785911827, 93.12672848544005, 94.77794045876037, 96.49422482511794, 97.535383113714, 98.34878802667969, 98.7392223849032, 99.16219293964535, 99.3248739222385], "0.996": [58.75223686351065, 73.3528550512445, 73.46673173905971, 73.83276394989426, 75.67919310232634, 77.88352041646331, 80.20985846754515, 82.09695786562551, 84.00845941109485, 85.72474377745242, 87.6281112737921, 89.60468521229868, 91.48365056124939, 93.27314136977387, 94.98942573613145, 96.55116316902554, 97.49471286806572, 98.33251992842037, 98.78802667968114, 98.97510980966325], "0.997": [57.66227428013665, 73.3528550512445, 73.40165934602246, 73.88970229380186, 75.2724906458435, 76.93183666829347, 79.42085570196843, 81.19407841223361, 82.61753700992354, 84.49650235887425, 86.38360175695462, 88.14055636896047, 89.51521067187245, 91.19082479258175, 92.97218155197658, 94.30616560924028, 95.91670733691231, 97.16935090287946, 98.00715796323409, 98.62534569708801], "0.998": [66.47958353668456, 73.38539124776314, 73.47486578818936, 73.78395965511632, 74.96339677891655, 76.76915568570034, 78.98975109809663, 80.94192288921425, 82.5687327151456, 84.4476980640963, 86.13958028306492, 87.67691556857004, 89.14104441190825, 90.80852448348789, 92.06930209858467, 93.6066373840898, 95.02196193265007, 96.32340979339516, 97.48657881893607, 98.3081177810314], "0.999": [58.849845453066536, 73.39352529689279, 73.4504636408004, 73.81649585163494, 74.62176671547095, 76.09402960793884, 77.88352041646331, 79.59167073369123, 81.38929559134537, 82.67447535383114, 83.83764437937205, 85.40751586139581, 86.68456157475191, 87.73385391247763, 88.88888888888889, 90.165934602245, 91.48365056124939, 92.48413860419717, 93.63917358060843, 94.68846591833415], "1.0": [66.78054335448186, 73.38539124776314, 73.41792744428176, 73.41792744428176, 73.56434032861559, 73.81649585163494, 74.2964047502847, 75.03660322108345, 75.80933788840085, 76.26484463966162, 76.9643728648121, 77.53375630388807, 78.30649097120546, 78.72946152594761, 79.31511306328291, 79.77061981454368, 80.20985846754515, 80.71416951358387, 80.95819098747356, 81.26728485440051]}