{"0.0001": [73.47486578818936, 73.88970229380186, 73.88970229380186, 73.88970229380186, 74.03611517813567, 74.23133235724744, 74.54856027330405, 74.79258174719375, 75.79306979014153, 76.62274280136651, 77.06198145436798, 77.74524158125915, 78.20888238164959, 78.5261102977062, 79.28257686676427, 79.99023914104441, 80.77110785749146, 81.13714006832602, 81.40556368960469, 81.45436798438263], "0.0002": [73.88970229380186, 73.88970229380186, 73.81649585163494, 74.40214738897023, 75.8174719375305, 76.7203513909224, 77.89165446559298, 78.96534895070766, 80.13665202537824, 80.86871644704733, 81.62518301610542, 81.5519765739385, 81.6495851634944, 81.99121522693997, 81.966813079551, 82.04001952171791, 81.50317227916057, 81.7959980478282, 81.67398731088336, 80.55148853099072], "0.00030000000000000003": [73.88970229380186, 73.88970229380186, 74.57296242069302, 76.37872132747682, 78.64812103465106, 80.42947779404588, 81.08833577354807, 81.28355295265983, 81.42996583699366, 81.01512933138116, 81.99121522693997, 82.16203025866277, 82.06442166910688, 82.40605173255247, 81.84480234260614, 81.5519765739385, 80.38067349926794, 79.30697901415324, 76.08589555880917, 77.94045876037092], "0.0004": [73.88970229380186, 74.1825280624695, 76.18350414836506, 78.47730600292826, 80.38067349926794, 80.55148853099072, 81.5519765739385, 81.84480234260614, 80.79551000488043, 82.06442166910688, 82.52806246949731, 81.57637872132747, 80.86871644704733, 79.9170326988775, 77.50122010736945, 75.37823328452905, 78.9409468033187, 80.8199121522694, 79.96583699365544, 78.62371888726207], "0.0005": [73.86530014641288, 74.37774524158127, 76.69594924353343, 78.57491459248413, 80.06344558321132, 81.3079551000488, 81.21034651049293, 81.62518301610542, 82.06442166910688, 80.72230356271352, 81.11273792093704, 79.89263055148854, 80.91752074182529, 79.94143484626647, 78.98975109809663, 78.2820888238165, 79.59980478282088, 80.11224987798926, 77.59882869692532, 76.4031234748658], "0.0006000000000000001": [73.88970229380186, 74.40214738897023, 76.84236212786725, 77.50122010736945, 80.86871644704733, 81.50317227916057, 80.91752074182529, 81.01512933138116, 80.79551000488043, 81.25915080527086, 81.94241093216203, 81.25915080527086, 81.38116154221572, 80.64909712054661, 78.20888238164959, 79.30697901415324, 76.84236212786725, 74.23133235724744, 76.32991703269887, 78.79453391898487], "0.0007": [73.81649585163494, 75.01220107369448, 78.25768667642753, 79.45339189848707, 79.77061981454368, 80.20985846754515, 80.33186920448999, 79.20937042459737, 80.5758906783797, 79.30697901415324, 80.99072718399219, 78.79453391898487, 76.57393850658858, 75.18301610541728, 74.15812591508053, 75.25622254758419, 79.13616398243046, 80.45387994143485, 80.08784773060029, 79.38018545632016], "0.0008": [73.86530014641288, 75.69546120058565, 77.96486090775988, 77.59882869692532, 79.03855539287457, 79.62420693020985, 79.23377257198634, 78.13567593948268, 79.08735968765251, 80.5758906783797, 81.2347486578819, 80.30746705710102, 78.64812103465106, 77.79404587603709, 79.40458760370913, 79.33138116154221, 81.35675939482674, 81.3079551000488, 81.42996583699366, 80.50268423621279], "0.0009000000000000001": [73.96290873596877, 76.84236212786725, 78.33089311859443, 79.55100048804294, 80.77110785749146, 81.08833577354807, 81.91800878477306, 81.7227916056613, 81.03953147877013, 80.67349926793558, 78.30649097120546, 75.25622254758419, 71.81551976573938, 69.25329428989751, 79.74621766715471, 78.79453391898487, 80.08784773060029, 79.62420693020985, 79.38018545632016, 78.55051244509517], "0.001": [73.86530014641288, 77.15959004392387, 78.50170815031723, 78.79453391898487, 80.47828208882382, 81.2347486578819, 81.45436798438263, 80.42947779404588, 79.1849682772084, 79.13616398243046, 75.89067837969742, 72.20595412396291, 78.2820888238165, 80.72230356271352, 78.50170815031723, 78.9409468033187, 78.9409468033187, 80.23426061493412, 77.89165446559298, 79.2581747193753], "0.002": [74.20693020985847, 76.13469985358712, 79.20937042459737, 78.89214250854076, 79.57540263543191, 78.89214250854076, 80.11224987798926, 75.54904831625183, 76.35431918008784, 73.40165934602246, 78.23328452903856, 77.76964372864812, 80.38067349926794, 80.01464128843338, 80.42947779404588, 78.7701317715959, 79.50219619326501, 80.03904343582235, 79.94143484626647, 79.81942410932162], "0.003": [74.57296242069302, 77.25719863347975, 80.30746705710102, 79.47779404587604, 79.16056612981943, 77.18399219131284, 78.20888238164959, 74.49975597852611, 79.4289897510981, 77.28160078086871, 76.4031234748658, 78.30649097120546, 78.86774036115177, 79.30697901415324, 79.62420693020985, 79.81942410932162, 79.79502196193265, 79.81942410932162, 79.9170326988775, 80.03904343582235], "0.004": [72.93801854563202, 77.40361151781357, 79.11176183504148, 79.57540263543191, 79.52659834065398, 77.64763299170328, 79.47779404587604, 80.11224987798926, 79.52659834065398, 79.45339189848707, 79.06295754026354, 78.5261102977062, 79.28257686676427, 79.16056612981943, 78.91654465592973, 78.8433382137628, 78.98975109809663, 80.11224987798926, 80.16105417276721, 79.08735968765251], "0.005": [75.64665690580772, 79.08735968765251, 80.47828208882382, 78.67252318204002, 78.98975109809663, 80.69790141532455, 80.08784773060029, 75.40263543191801, 78.55051244509517, 79.45339189848707, 80.11224987798926, 80.28306490971205, 80.25866276232308, 80.45387994143485, 80.42947779404588, 80.55148853099072, 80.52708638360176, 80.42947779404588, 80.40507564665691, 80.38067349926794], "0.006": [75.52464616886286, 77.03757930697901, 80.38067349926794, 78.2820888238165, 76.76915568570034, 79.45339189848707, 79.77061981454368, 78.67252318204002, 75.59785261102977, 79.79502196193265, 80.06344558321132, 80.33186920448999, 80.35627135187896, 80.30746705710102, 80.35627135187896, 80.38067349926794, 80.40507564665691, 80.35627135187896, 80.25866276232308, 80.28306490971205], "0.007": [77.52562225475842, 80.28306490971205, 79.55100048804294, 78.72132747681796, 77.47681795998048, 79.81942410932162, 81.60078086871644, 80.03904343582235, 79.9170326988775, 80.01464128843338, 81.01512933138116, 80.94192288921425, 80.96632503660322, 81.0639336261591, 81.08833577354807, 81.16154221571499, 81.2347486578819, 81.21034651049293, 81.21034651049293, 81.11273792093704], "0.008": [73.98731088335774, 78.50170815031723, 76.86676427525622, 78.30649097120546, 75.40263543191801, 75.79306979014153, 76.50073206442167, 78.55051244509517, 80.03904343582235, 79.47779404587604, 80.13665202537824, 80.25866276232308, 80.20985846754515, 80.23426061493412, 80.18545632015618, 80.11224987798926, 80.30746705710102, 80.23426061493412, 80.25866276232308, 80.28306490971205], "0.009000000000000001": [76.62274280136651, 80.96632503660322, 79.64860907759883, 78.23328452903856, 77.15959004392387, 81.82040019521718, 81.50317227916057, 78.91654465592973, 79.64860907759883, 80.79551000488043, 81.16154221571499, 81.18594436310396, 81.28355295265983, 81.33235724743777, 81.28355295265983, 81.18594436310396, 81.25915080527086, 81.25915080527086, 81.28355295265983, 81.33235724743777], "0.01": [74.79258174719375, 78.72132747681796, 79.1849682772084, 78.69692532942899, 76.15910200097609, 80.08784773060029, 79.74621766715471, 79.30697901415324, 79.08735968765251, 79.96583699365544, 79.52659834065398, 79.81942410932162, 80.18545632015618, 80.25866276232308, 80.33186920448999, 80.38067349926794, 80.40507564665691, 80.42947779404588, 80.50268423621279, 80.50268423621279], "0.02": [74.81698389458272, 78.8433382137628, 77.40361151781357, 75.52464616886286, 76.03709126403123, 78.06246949731576, 77.91605661298195, 75.89067837969742, 74.71937530502684, 78.7701317715959, 78.08687164470473, 78.03806734992679, 77.11078574914592, 76.6471449487555, 76.69594924353343, 77.867252318204, 77.72083943387018, 78.30649097120546, 77.96486090775988, 77.47681795998048],