{"0.0001": [67.42313323572475, 73.26338051081828, 73.39352529689279, 73.39352529689279, 73.44232959167073, 73.84089799902391, 74.1825280624695, 74.64616886285994, 75.45143972669595, 76.18350414836506, 77.07011550349765, 77.72897348299983, 78.62371888726207, 79.4452578493574, 80.42947779404588, 81.3079551000488, 82.09695786562551, 82.9266308768505, 83.50414836505612, 84.2606149341142], "0.0002": [68.31787863998699, 73.39352529689279, 73.40979339515211, 73.78395965511632, 74.5404262241744, 76.0452253131609, 77.61509679518464, 79.03855539287457, 80.69790141532455, 82.11322596388482, 83.26012689116642, 84.25248088498455, 85.26923702619163, 86.03383764437937, 86.67642752562226, 87.00992353993819, 87.59557507727347, 88.26256710590532, 88.54725882544331, 88.72620790629576], "0.00030000000000000003": [69.4647795672686, 73.40979339515211, 73.84903204815357, 75.76866764275256, 77.72897348299983, 79.70554742150642, 81.77159590043924, 83.30079713681471, 84.61037904668945, 85.17162843663576, 85.5376606474703, 86.24532292175044, 87.06686188384577, 87.39222384903205, 88.03481373027493, 88.44965023588742, 88.2300309093867, 89.5640149666504, 90.79225638522857, 89.6941597527249], "0.0004": [69.26956238815683, 73.51553603383765, 74.87392223849032, 77.322271026517, 80.0309093866927, 82.12136001301448, 83.66682934764926, 84.87880266796812, 85.48072230356271, 86.08264193915731, 86.39986985521392, 87.54677078249553, 88.0592158776639, 86.77403611517813, 88.79128029933301, 89.58028306490971, 90.26354319180088, 90.94680331869205, 91.58939319993493, 91.62192939645355], "0.0005": [70.83129982105092, 73.61314462339352, 75.17488205628761, 78.02179925166747, 79.81129006019196, 82.14576216040345, 84.00845941109485, 85.84675451439726, 87.34341955425411, 88.5879290710916, 89.9219131283553, 89.61281926142834, 89.75923214576216, 90.77598828696925, 91.34537172604523, 92.47600455506752, 93.71238002277533, 94.51765088661135, 94.28989751098096, 95.03823003090939], "0.0006000000000000001": [69.92028631852936, 73.57247437774524, 75.56531641451114, 78.61558483813242, 80.85244834878803, 83.30893118594436, 85.39124776313649, 85.17162843663576, 87.00992353993819, 88.43338213762812, 88.5879290710916, 89.27118919798275, 91.49178461037904, 92.90710915893932, 93.15113063282902, 92.24011713030747, 93.4764925980153, 95.61574751911502, 96.31527574426549, 94.38750610053685], "0.0007": [72.03513909224012, 73.74328940946803, 76.93997071742314, 79.55100048804294, 81.58451277045714, 83.83764437937205, 85.82235236700829, 86.27785911826908, 87.05059378558647, 88.38457784285018, 89.21425085407516, 90.15780055311534, 90.41809012526436, 91.27216528387831, 92.85830486416138, 94.30616560924028, 94.05401008622093, 94.84301285179762, 97.0473401659346, 98.08036440540101], "0.0008": [71.19733203188547, 74.05238327639499, 77.0213112087197, 78.23328452903856, 80.42947779404588, 82.34097933951521, 84.08166585326175, 84.82186432406051, 87.3840897999024, 88.08361802505287, 88.9051569871482, 91.10135025215553, 92.5736131446234, 94.25736131446234, 94.55018708312998, 94.08654628273955, 95.91670733691231, 97.64112575239955, 98.83683097445909, 99.30047177484953], "0.0009000000000000001": [72.11647958353669, 74.1255897185619, 77.68830323735155, 80.25052871319343, 82.96730112249878, 85.28550512445095, 86.79030421343745, 86.59508703432569, 89.04343582235236, 90.64584350089474, 92.34585976899301, 93.10232633805109, 93.97266959492435, 94.96502358874248, 95.26598340653977, 97.35643403286156, 98.56027330405075, 99.46315275744266, 99.78038067349927, 99.8129168700179], "0.001": [72.3198308117781, 75.03660322108345, 77.89978851472263, 80.01464128843338, 82.9835692207581, 85.0333496014316, 87.00992353993819, 88.19749471286806, 88.14055636896047, 90.07646006181878, 92.06116804945502, 92.49227265332682, 93.7367821701643, 94.23295916707337, 96.84398893769318, 98.82056287619977, 99.60143159264682, 99.84545306653652, 99.84545306653652, 99.73971042785098], "0.002": [72.98682284040996, 75.52464616886286, 79.38831950544981, 81.54384252480885, 85.00081340491296, 87.41662599642102, 90.01952171791118, 91.73580608426875, 93.14299658369937, 95.4123962908736, 97.07987636245323, 98.80429477794046, 99.54449324873923, 99.68277208394339, 99.89425736131446, 99.95119570522206, 100.0, 100.0, 100.0, 100.0], "0.003": [73.0356271351879, 74.37774524158127, 78.68879128029933, 82.93476492598015, 85.57833089311859, 88.5879290710916, 92.4027981129006, 95.06263217829836, 96.76264844639661, 97.26695949243533, 97.26695949243533, 99.30047177484953, 99.95932975435171, 100.0, 100.0, 100.0, 100.0, 100.0, 100.0, 100.0], "0.004": [72.37676915568571, 75.67919310232634, 80.04717748495202, 84.23621278672523, 87.79892630551488, 90.55636896046852, 93.7367821701643, 97.73060029282577, 99.00764600618187, 99.43061656092402, 99.54449324873923, 99.73971042785098, 99.78851472262892, 99.74784447698065, 99.85358711566617, 99.9267935578331, 99.87798926305516, 99.88612331218481, 99.89425736131446, 99.93492760696275], "0.005": [72.78347161216854, 76.63901089962583, 81.73905970392062, 84.69985358711567, 88.78314625020334, 92.05303400032537, 95.37986009435497, 96.82772083943387, 98.76362453229217, 99.82105091914755, 99.99186595087035, 100.0, 100.0, 100.0, 100.0, 100.0, 100.0, 100.0, 100.0, 100.0], "0.006": [73.0356271351879, 76.8911664226452, 81.38116154221572, 85.98503334960144, 90.1822027005043, 94.16788677403612, 96.68130795510005, 97.08801041158289, 98.4952009110135, 99.52822515047991, 99.9430616560924, 100.0, 100.0, 100.0, 100.0, 100.0, 100.0, 100.0, 100.0, 100.0], "0.007": [72.88108020172442, 79.16056612981943, 83.93525296892793, 87.02619163819749, 91.33723767691556, 94.21669106881406, 97.55978526110297, 99.08898649747844, 99.71530828046201, 99.97559785261103, 99.99186595087035, 100.0, 100.0, 100.0, 100.0, 100.0, 100.0, 100.0, 100.0, 100.0], "0.008": [72.60452253131609, 78.16007808687165, 82.03188547258826, 86.44054010086221, 92.28078737595575, 95.55880917520741, 95.88417114039369, 96.42101838295103, 98.07223035627135, 99.5851634943875, 99.97559785261103, 100.0, 100.0, 100.0, 100.0, 100.0, 100.0, 100.0, 100.0, 100.0], "0.009000000000000001": [73.14136977387344, 79.21750447372702, 83.39840572637058, 88.62859931673988, 93.48462664714495, 96.19326500732065, 97.25882544330568, 98.47079876362453, 99.57702944525785, 99.9267935578331, 99.99186595087035, 100.0, 100.0, 100.0, 100.0, 100.0, 100.0, 100.0, 100.0, 100.0], "0.01": [72.81600780868716, 78.30649097120546, 82.30030909386693, 86.01756954612006, 90.4099560761347, 93.72864812103465, 96.5592972181552, 98.4789328127542, 99.65836993655442, 99.97559785261103, 99.97559785261103, 99.99186595087035, 99.99186595087035, 99.99186595087035, 100.0, 100.0, 100.0, 100.0, 100.0, 100.0], "0.02": [72.85667805433545, 78.06246949731576, 81.91800878477306, 85.09842199446885, 87.76639010899626, 89.91377907922563, 92.23198308117782, 93.59036928583049, 93.3056775662925, 93.6066373840898, 95.34732389783635, 96.33967789165446, 95.81096469822678, 94.87554904831626, 94.51765088661135, 93.78558646494224, 94.11908247925817, 94.4525784935741, 93.63103953147878, 94.93248739222385], "0.03": [72.48251179437123, 78.34716121685375, 81.13714006832602, 83.93525296892793, 85.31804132096958, 87.13193427688303, 89.34439564014967, 89.98698552139255, 89.5070766227428, 90.54823491133887, 91.20709289084105, 92.9477794045876, 93.2324711241256, 92.39466406377095, 89.05970392061168, 88.14055636896047, 87.85586464942249, 88.67740361151782, 89.22238490320481, 90.02765576704083], "0.04": [70.96144460712543, 75.48397592321457, 78.29835692207581, 79.2581747193753, 78.91654465592973, 78.1682121360013, 79.58353668456158, 79.33951521067188, 80.24239466406377, 80.49455018708314, 80.39694159752725, 80.7060354644542, 82.72327964860908, 83.87018057589067, 84.62664714494876, 84.74052383276396, 84.47210021148528, 81.5519765739385, 76.33805108182854, 74.60549861721165],