{"0.0001": [64.99105254595737, 73.38539124776314, 73.57247437774524, 74.99593297543517, 77.41174556694322, 79.95770294452578, 82.55246461688628, 84.77306002928258, 87.05872783471612, 88.92955913453717, 91.15015454693346, 93.22433707499593, 94.810476655279, 96.16886285993168, 96.94159752724906, 97.8932812754189, 98.42199446884659, 98.9669757605336, 98.99137790792257, 98.62534569708801], "0.0002": [69.20448999511957, 73.67008296730113, 76.37058727834716, 79.48592809500569, 83.25199284203677, 86.73336586952985, 89.8080364405401, 92.92337725719864, 95.16024076785423, 96.47795672685864, 96.90092728160079, 97.95835366845616, 98.37319017406865, 98.90190336749635, 99.1540588905157, 99.30047177484953, 99.30860582397918, 99.47942085570197, 99.52009110135025, 99.60143159264682], "0.00030000000000000003": [70.66048478932812, 75.00406702456483, 80.45387994143485, 84.9357410118757, 88.94582723279649, 92.84203676590207, 95.72962420693021, 97.38083618025053, 97.93395152106719, 98.64161379534733, 98.95070766227428, 99.02391410444119, 99.29233772571986, 99.34927606962746, 99.45501870831299, 99.25166748007157, 99.36554416788677, 99.43061656092402, 99.48755490483163, 99.30047177484953], "0.0004": [71.23800227753375, 75.48397592321457, 80.89311859443632, 85.88742476004555, 90.71904994306166, 94.3956401496665, 97.1205466081015, 98.16170489669757, 98.61721164795836, 99.12965674312673, 99.17846103790467, 99.07271839921913, 99.45501870831299, 99.47128680657231, 98.89376931836668, 99.37367821701643, 99.63396778916545, 99.66650398568407, 99.74784447698065, 99.76411257523995], "0.0005": [71.27867252318204, 77.33853912477632, 82.9835692207581, 88.38457784285018, 92.69562388156824, 95.98177972994957, 97.4621766715471, 98.63347974621767, 98.74735643403287, 98.77175858142184, 99.11338864486741, 99.3980803644054, 99.46315275744266, 99.54449324873923, 99.46315275744266, 99.52822515047991, 99.54449324873923, 99.5688953961282, 99.60143159264682, 99.5688953961282], "0.0006000000000000001": [72.58012038392712, 78.6562550837807, 85.45632015617375, 90.80852448348789, 94.89181714657556, 97.41337237676916, 98.34878802667969, 98.75549048316252, 98.82056287619977, 99.05645030095982, 99.23539938181227, 99.20286318529364, 99.03204815357084, 99.23539938181227, 99.44688465918334, 99.74784447698065, 99.60956564177647, 99.56076134699853, 99.66650398568407, 99.63396778916545], "0.0007": [72.21408817309256, 78.73759557507728, 84.9357410118757, 90.60517325524646, 95.03823003090939, 97.22628924678705, 98.33251992842037, 98.99951195705222, 98.97510980966325, 99.24353343094192, 99.17846103790467, 99.21913128355295, 99.13779079225638, 99.44688465918334, 99.37367821701643, 99.47942085570197, 99.52822515047991, 99.54449324873923, 99.17032698877502, 99.41434846266472], "0.0008": [71.78298356922076, 78.72946152594761, 85.6352692370262, 91.04441190824792, 95.83536684561575, 97.86887912802993, 98.50333496014316, 98.82056287619977, 99.1540588905157, 98.61721164795836, 98.54400520579145, 99.19472913616399, 99.34927606962746, 99.49568895396128, 99.40621441353505, 99.37367821701643, 99.35741011875712, 99.48755490483163, 99.42248251179437, 99.08898649747844], "0.0009000000000000001": [72.23035627135188, 78.87587441028144, 86.05010574263869, 91.86595087034326, 96.09565641776476, 97.77127053847406, 98.42199446884659, 98.77175858142184, 98.8530990727184, 99.12965674312673, 99.06458435008948, 99.17032698877502, 99.3980803644054, 99.30047177484953, 99.44688465918334, 99.56076134699853, 99.47942085570197, 99.43061656092402, 99.45501870831299, 99.13779079225638], "0.001": [73.22271026517001, 78.23328452903856, 85.84675451439726, 91.49991865950871, 95.55880917520741, 97.71433219456645, 98.14543679843827, 98.7961607288108, 99.03204815357084, 99.0401822027005, 99.29233772571986, 99.23539938181227, 99.26793557833089, 99.36554416788677, 99.27606962746054, 99.47942085570197, 99.49568895396128, 99.36554416788677, 99.29233772571986, 99.35741011875712], "0.002": [73.36912314950382, 81.44623393525296, 87.67691556857004, 93.24060517325525, 96.45355457946965, 97.68993004717748, 97.95835366845616, 98.11290060191963, 98.08036440540101, 98.45453066536521, 98.3081177810314, 98.39759232145762, 98.2511794371238, 98.23491133886449, 98.01529201236376, 98.25931348625346, 98.12103465104929, 98.1942410932162, 98.16983894582724, 97.99088986497479], "0.003": [75.03660322108345, 83.31706523507403, 87.46543029119896, 91.51618675776801, 94.42004229705547, 95.62388156824467, 95.90043923865301, 96.30714169513584, 95.90857328778266, 96.00618187733853, 96.12005856515373, 95.72149015780056, 95.4286643891329, 94.85928095005694, 94.9406214413535, 93.8506588579795, 93.10232633805109, 93.16739873108834, 92.6468195867903, 91.05254595737759], "0.004": [73.71075321294941, 82.85342443468359, 87.08312998210509, 91.54058890515698, 93.980803644054, 94.68846591833415, 95.56694322433708, 95.92484138604198, 95.60761346998535, 95.67268586302261, 95.69708801041158, 95.7133561086709, 95.2415812591508, 95.09516837481698, 95.37986009435497, 95.15210671872458, 95.03009598177972, 94.49324873922238, 93.97266959492435, 93.46022449975598], "0.005": [73.62127867252318, 81.95867903042135, 84.1874084919473, 86.57068488693672, 87.37595575077273, 88.9051569871482, 88.97022938018546, 88.82381649585163, 88.45778428501708, 87.73385391247763, 88.09175207418252, 87.20514071904994, 86.02570359524971, 84.97641125752399, 84.00845941109485, 83.13811615422158, 82.45485602733041, 81.25915080527086, 80.43761184317553, 79.28257686676427], "0.006": [74.67870505937856, 82.71514559947943, 85.73287782658207, 87.60370912640312, 88.75874410281438, 89.12477631364894, 88.95396128192614, 88.61233121848056, 88.89702293801855, 88.40897999023915, 88.22189686025703, 87.43289409468034, 87.05059378558647, 86.42427200260289, 85.9524971530828, 85.1634943875061, 84.94387506100537, 84.48023426061494, 84.04912965674313, 83.61802505287132], "0.007": [73.44232959167073, 82.70701155034976, 84.52090450626322, 85.64340328615584, 86.87164470473401, 85.99316739873109, 84.2606149341142, 82.53619651862697, 80.25866276232308, 79.64047502846917, 77.21652838783146, 74.58923051895233, 73.68635106556043, 73.19830811778102, 73.42606149341142, 73.44232959167073, 72.93801854563202, 73.23897836342931, 72.87294615259476, 73.47486578818936], "0.008": [74.11745566943225, 82.06442166910688, 84.47210021148528, 86.50561249389946, 86.83910850821539, 86.73336586952985, 86.59508703432569, 85.65153733528551, 86.59508703432569, 85.82235236700829, 84.68358548885635, 82.22710265170002, 80.99072718399219, 79.45339189848707, 77.6801691882219, 75.93134862534569, 73.32845290385553, 73.1657719212624, 73.05189523344721, 72.58825443305678], "0.009000000000000001": [74.7275093541565, 79.9170326988775, 80.71416951358387, 80.65723116967627, 78.77826582072555, 76.29738083618025, 73.8246299007646, 73.25524646168863, 73.18204001952172, 71.99446884659183, 71.97820074833253, 71.86432406051732, 71.53082804620139, 71.76671547096144, 71.73417927444282, 71.28680657231169, 70.88823816495852, 71.27053847405239, 71.44135350577517, 71.74231332357247], "0.01": [73.89783634293151, 81.48690418090125, 81.10460387180738, 81.02326338051081, 80.23426061493412, 77.11891979827558, 74.32080689767366, 72.29542866438914, 71.91312835529527, 71.587766390109, 71.91312835529527, 71.26240442492272, 71.14039368797788, 70.90450626321783, 71.44135350577517, 71.16479583536685, 70.53034000325361, 71.4738897022938, 71.3437449162193, 71.00211485277372], "0.02": [70.22124613632667, 69.4241093216203, 68.033186920449, 68.26907434520905, 68.42362127867253, 67.64275256222548, 67.9193102326338, 67.89490808524484, 68.43988937693183, 67.9193102326338, 68.17959980478282, 68.21213600130145, 68.19586790304213, 67.75662925004067, 67.0733691231495, 67.40686513746543, 67.89490808524484, 67.54514397266959, 68.19586790304213, 68.02505287131935],