{"0.0001": [73.767691556857, 73.88970229380186, 74.28013665202538, 75.74426549536359, 76.91556857003417, 78.8433382137628, 79.74621766715471, 80.79551000488043, 80.91752074182529, 80.67349926793558, 80.16105417276721, 79.62420693020985, 79.1849682772084, 78.40409956076135, 79.0141532454856, 78.64812103465106, 77.69643728648121, 78.40409956076135, 77.74524158125915, 78.69692532942899], "0.0002": [73.91410444119083, 74.1825280624695, 76.08589555880917, 78.79453391898487, 79.4289897510981, 80.03904343582235, 78.81893606637384, 78.81893606637384, 78.69692532942899, 79.2581747193753, 79.13616398243046, 77.35480722303562, 77.59882869692532, 76.79355783308931, 77.76964372864812, 79.03855539287457, 78.13567593948268, 79.20937042459737, 78.57491459248413, 78.20888238164959], "0.00030000000000000003": [73.9385065885798, 77.20839433870181, 79.74621766715471, 79.64860907759883, 79.35578330893118, 79.35578330893118, 77.42801366520254, 75.5734504636408, 77.15959004392387, 76.15910200097609, 77.98926305514885, 76.5495363591996, 78.98975109809663, 78.30649097120546, 78.5993167398731, 78.42850170815032, 77.25719863347975, 75.91508052708639, 77.89165446559298, 78.3552952659834], "0.0004": [73.91410444119083, 76.8911664226452, 79.52659834065398, 80.16105417276721, 80.35627135187896, 79.59980478282088, 79.62420693020985, 77.59882869692532, 78.67252318204002, 78.16007808687165, 77.91605661298195, 78.20888238164959, 78.03806734992679, 78.23328452903856, 78.13567593948268, 78.01366520253782, 78.18448023426062, 78.96534895070766, 79.59980478282088, 78.74572962420693], "0.0005": [73.5968765251342, 77.91605661298195, 80.74670571010249, 80.5758906783797, 79.89263055148854, 79.33138116154221, 78.69692532942899, 77.89165446559298, 78.20888238164959, 78.06246949731576, 77.1351878965349, 77.15959004392387, 78.7701317715959, 77.64763299170328, 78.2820888238165, 77.35480722303562, 77.06198145436798, 78.98975109809663, 80.28306490971205, 79.9170326988775], "0.0006000000000000001": [75.30502684236212, 79.03855539287457, 80.33186920448999, 79.40458760370913, 78.2820888238165, 79.23377257198634, 78.20888238164959, 78.5993167398731, 78.20888238164959, 77.23279648609078, 77.867252318204, 77.96486090775988, 77.67203513909224, 77.57442654953635, 77.45241581259151, 76.9643728648121, 78.47730600292826, 77.64763299170328, 77.50122010736945, 77.28160078086871], "0.0007": [74.71937530502684, 79.23377257198634, 80.06344558321132, 78.62371888726207, 78.37969741337238, 78.67252318204002, 78.91654465592973, 77.74524158125915, 79.0141532454856, 77.64763299170328, 76.08589555880917, 76.8911664226452, 75.8174719375305, 77.94045876037092, 78.37969741337238, 80.01464128843338, 79.94143484626647, 78.25768667642753, 76.8911664226452, 74.52415812591508], "0.0008": [75.54904831625183, 79.9170326988775, 80.79551000488043, 80.47828208882382, 79.64860907759883, 78.5261102977062, 79.30697901415324, 79.03855539287457, 76.67154709614447, 74.98779892630552, 76.3055148853099, 77.67203513909224, 77.79404587603709, 79.55100048804294, 79.40458760370913, 80.40507564665691, 79.06295754026354, 76.52513421181064, 75.59785261102977, 75.76866764275256], "0.0009000000000000001": [74.08491947291361, 79.74621766715471, 80.16105417276721, 79.47779404587604, 78.5993167398731, 79.84382625671059, 78.13567593948268, 78.5993167398731, 77.67203513909224, 78.25768667642753, 77.03757930697901, 79.35578330893118, 78.42850170815032, 78.3552952659834, 78.91654465592973, 79.06295754026354, 78.3552952659834, 78.20888238164959, 77.42801366520254, 77.91605661298195], "0.001": [76.232308443143, 79.40458760370913, 79.52659834065398, 79.2581747193753, 79.77061981454368, 79.03855539287457, 77.47681795998048, 77.42801366520254, 77.64763299170328, 78.03806734992679, 77.96486090775988, 77.01317715959004, 76.3055148853099, 76.91556857003417, 78.03806734992679, 78.33089311859443, 77.35480722303562, 74.6705710102489, 75.54904831625183, 77.33040507564665], "0.002": [75.91508052708639, 79.2581747193753, 77.96486090775988, 78.16007808687165, 77.62323084431429, 78.55051244509517, 77.94045876037092, 78.57491459248413, 77.18399219131284, 77.28160078086871, 77.91605661298195, 77.84285017081503, 77.98926305514885, 77.18399219131284, 77.03757930697901, 77.23279648609078, 77.59882869692532, 77.64763299170328, 77.08638360175695, 78.2820888238165], "0.003": [80.20985846754515, 78.91654465592973, 78.91654465592973, 78.57491459248413, 79.1849682772084, 77.42801366520254, 78.03806734992679, 77.74524158125915, 76.57393850658858, 77.35480722303562, 76.84236212786725, 76.03709126403123, 75.76866764275256, 75.96388482186433, 76.62274280136651, 75.30502684236212, 75.54904831625183, 75.45143972669595, 74.93899463152758, 75.67105905319669], "0.004": [77.74524158125915, 79.33138116154221, 78.25768667642753, 78.64812103465106, 77.867252318204, 77.11078574914592, 78.1112737920937, 76.37872132747682, 77.25719863347975, 76.232308443143, 76.37872132747682, 75.9882869692533, 75.96388482186433, 76.76915568570034, 76.74475353831137, 76.86676427525622, 75.54904831625183, 75.15861395802831, 75.01220107369448, 74.52415812591508], "0.005": [77.3792093704246, 77.20839433870181, 76.13469985358712, 77.01317715959004, 76.5495363591996, 76.74475353831137, 77.3792093704246, 76.81795998047828, 76.69594924353343, 75.9882869692533, 76.03709126403123, 74.79258174719375, 74.28013665202538, 74.32894094680331, 73.2796486090776, 73.3528550512445, 72.25475841874085, 71.35187896534894, 71.0590531966813, 71.42508540751587], "0.006": [79.23377257198634, 79.86822840409955, 77.74524158125915, 77.94045876037092, 78.47730600292826, 77.47681795998048, 77.30600292825768, 77.06198145436798, 76.35431918008784, 76.86676427525622, 76.3055148853099, 77.3792093704246, 75.86627623230844, 76.3055148853099, 74.40214738897023, 75.64665690580772, 74.49975597852611, 74.76817959980478, 75.47584187408492, 75.76866764275256], "0.007": [78.18448023426062, 77.50122010736945, 75.08540751586139, 75.84187408491947, 75.20741825280625, 75.15861395802831, 73.74328940946803, 75.03660322108345, 73.06002928257686, 72.49877989263055, 71.18106393362616, 69.96095656417765, 69.91215226939971, 70.79062957540263, 69.93655441678868, 69.74133723767692, 70.49780380673499, 70.79062957540263, 70.25378233284529, 71.32747681795998], "0.008": [78.06246949731576, 79.0141532454856, 77.64763299170328, 76.84236212786725, 75.20741825280625, 76.11029770619814, 76.93997071742314, 75.45143972669595, 75.42703757930698, 73.96290873596877, 74.15812591508053, 72.84040995607613, 72.98682284040996, 74.47535383113714, 73.62127867252318, 71.42508540751587, 70.20497803806735, 70.22938018545632, 70.35139092240117, 69.83894582723279], "0.009000000000000001": [76.76915568570034, 75.74426549536359, 75.84187408491947, 74.54856027330405, 72.18155197657394, 69.93655441678868, 70.30258662762323, 70.00976085895559, 69.03367496339678, 69.54612005856515, 70.71742313323573, 69.74133723767692, 69.10688140556368, 69.22889214250854, 68.17959980478282, 70.22938018545632, 70.8150317227916, 70.25378233284529, 70.7418252806247, 70.69302098584676], "0.01": [78.1112737920937, 77.11078574914592, 75.91508052708639, 74.76817959980478, 75.96388482186433, 73.0356271351879, 70.83943387018057, 69.35090287945339, 70.35139092240117, 69.1800878477306, 69.86334797462176, 69.35090287945339, 69.27769643728648, 70.18057589067838, 68.96046852122987, 68.42362127867253, 68.4480234260615, 69.00927281600781, 69.37530502684237, 69.74133723767692], "0.02": [68.2772083943387, 63.73840897999024, 67.42313323572475, 67.44753538311372, 67.71595900439239, 69.20448999511957, 66.98389458272328, 68.05758906783797, 68.91166422645193, 69.22889214250854, 69.03367496339678, 69.05807711078575, 67.74036115178136, 67.30112249877989, 66.8862859931674, 68.32601268911664, 68.2772083943387, 68.2772083943387, 68.57003416300634, 68.47242557345047],