{"Model1": [69.22302737520128, 84.98389694041867, 88.58695652173913, 91.16344605475041, 91.66666666666667, 92.7133655394525, 93.51851851851852, 94.72624798711755, 94.76650563607086, 95.08856682769726, 95.87359098228663, 95.51127214170693, 96.33655394524959, 96.25603864734299, 97.22222222222223], "Model2": [48.611111111111114, 75.44283413848632, 83.9170692431562, 86.59420289855072, 88.60708534621578, 89.07004830917874, 89.85507246376811, 90.27777777777777, 90.80112721417069, 91.46537842190016, 92.06924315619968, 92.37117552334944, 92.69323671497584, 92.85426731078906, 93.73993558776168], "Model3": [64.63365539452496, 83.57487922705315, 86.89613526570048, 88.70772946859903, 89.91545893719807, 90.86151368760065, 91.86795491143317, 92.6731078904992, 93.39774557165862, 94.4243156199678, 95.49114331723027, 96.05475040257649, 96.4170692431562, 96.43719806763285, 96.90016103059581]}