{"Model1": [0.90030110340852, 0.39616069541527676, 0.30923761198153865, 0.2527494249053491, 0.21928854286670685, 0.19427590186779314, 0.17878377915192872, 0.14752593230551633, 0.1469887335999654, 0.13708629726599425, 0.11806518808962443, 0.11760022983146019, 0.1101130633495557, 0.10761641992781407, 0.0911292340606451], "Model2": [1.4622083260462835, 0.6701713701089224, 0.39551775787885374, 0.3242151593932739, 0.27561757608484, 0.2590647863271909, 0.24050066018333802, 0.2247969833895182, 0.21968025198349586, 0.20216633503635725, 0.1880260841586651, 0.18748822750953528, 0.1676452892522017, 0.1637786783469029, 0.1486705886438871], "Model3": [1.3066669488564515, 0.3962375819683075, 0.29761038625087494, 0.24891880326546156, 0.22020562069538313, 0.21043525301875213, 0.17876978982717562, 0.1730572869284795, 0.15629155336855313, 0.13166903589780515, 0.11549740353933512, 0.10160343301219818, 0.09791296997513527, 0.08843848461476274, 0.07787254748818202]}