{"Model1": [83.30308529945553, 87.47731397459165, 86.7513611615245, 88.02177858439201, 86.38838475499092, 88.92921960072596, 88.74773139745916, 88.56624319419238, 88.74773139745916, 88.92921960072596, 88.38475499092559, 88.2032667876588, 88.56624319419238, 87.65880217785843, 88.2032667876588], "Model2": [71.86932849364791, 77.67695099818512, 87.11433756805808, 89.11070780399274, 89.29219600725953, 90.01814882032667, 90.56261343012704, 88.56624319419238, 88.92921960072596, 89.11070780399274, 88.92921960072596, 89.11070780399274, 88.38475499092559, 90.92558983666062, 90.56261343012704], "Model3": [81.85117967332124, 87.84029038112523, 83.8475499092559, 87.11433756805808, 89.47368421052632, 90.38112522686025, 90.56261343012704, 87.11433756805808, 90.01814882032667, 89.83666061705989, 88.2032667876588, 91.47005444646098, 90.56261343012704, 91.1070780399274, 89.29219600725953]}