{"Model1": [0.44125188721550834, 0.35616769393285114, 0.33033191164334613, 0.318398161066903, 0.302825434340371, 0.2785917619864146, 0.2842914213736852, 0.2704107032881843, 0.2705033090379503, 0.2738556100262536, 0.28166862494415706, 0.2795183037718137, 0.27995319498909843, 0.279713554514779, 0.27679411901368034], "Model2": [0.7807042929861281, 0.5388315320014954, 0.3523474799262153, 0.2747022890382343, 0.24806351794136894, 0.2555798523955875, 0.2395907160308626, 0.25705021454228294, 0.24206862267520693, 0.23176904022693634, 0.256111000974973, 0.23551827834712136, 0.23694011403454673, 0.23770847502681944, 0.22140533228715262], "Model3": [0.43833006421724957, 0.31287355886565316, 0.3142228143082725, 0.39839452339543235, 0.25269873936971027, 0.23455393066008887, 0.22949073215325674, 0.3619683004087872, 0.24816303617424434, 0.2447633379035526, 0.29602823820379043, 0.2587104183104303, 0.27687500913937885, 0.2411225007639991, 0.3139110919502046]}