{"Model1": [31.40096618357488, 56.90418679549114, 59.72222222222222, 70.14895330112721, 74.29549114331724, 75.68438003220612, 77.41545893719807, 79.24718196457327, 79.73027375201288, 79.54911433172303, 80.3743961352657, 81.11916264090178, 81.62238325281804, 81.82367149758454, 82.14573268921094], "Model2": [39.170692431561996, 65.66022544283413, 73.45008051529791, 77.19404186795491, 78.5426731078905, 80.81723027375202, 79.32769726247987, 76.36876006441224, 81.11916264090178, 82.54830917874396, 83.17230273752013, 82.74959742351047, 84.09822866344605, 83.47423510466989, 84.33977455716587], "Model3": [55.79710144927536, 80.3341384863124, 83.9975845410628, 84.25925925925925, 84.29951690821257, 85.26570048309179, 85.8695652173913, 86.83574879227054, 88.34541062801932, 88.20450885668276, 89.573268921095, 89.573268921095, 90.29790660225443, 90.17713365539453, 89.69404186795491]}