{"Model1": [1.5404122892098548, 0.8171442365035032, 0.6664287791802332, 0.58207029180649, 0.5060115941824057, 0.4778261287854268, 0.47145383327435225, 0.41641006886194915, 0.38252268234888714, 0.4035399502668625, 0.346452669837536, 0.38295682118489194, 0.3322580500673025, 0.3526840473596866, 0.33791841872227496], "Model2": [1.3054809333422246, 0.8141573793612994, 0.598779253852673, 0.5503288515103169, 0.50175213546325, 0.45464937427105045, 0.45346424785944134, 0.40495573461819917, 0.38832737438571757, 0.3763030070142868, 0.3744653925681726, 0.3733253150414198, 0.350821879811776, 0.35533920045082384, 0.34556399782498676], "Model3": [1.4578354095037167, 0.5494910673453257, 0.4467598388974483, 0.35880990479236996, 0.35391057072541654, 0.34227847441648823, 0.32829571324281204, 0.29857006439795863, 0.2762737964781431, 0.2919351146198236, 0.2634291159800994, 0.2717756223984254, 0.24646974679751274, 0.24535042849870828, 0.24109445092005607]}