{"Model1": [0.8206680085923936, 0.5548228124777476, 0.4906119969156053, 0.4378829267289903, 0.4057670500543382, 0.40981025828255546, 0.40816186202896965, 0.4150589472717709, 0.38157786925633747, 0.38238682515091366, 0.3886246465974384, 0.46488872004879844, 0.4043435619937049, 0.41798298557599384, 0.3607683132092158], "Model2": [0.6858720315827264, 0.5787030888928307, 0.5043197837140825, 0.3958849741352929, 0.39261699385113186, 0.3380775782797072, 0.31915321780575645, 0.2961214350329505, 0.31700704163975185, 0.3313271668222215, 0.31603870458073086, 0.29370226628250545, 0.31717785199483234, 0.24489003751013014, 0.3806559940179189], "Model3": [0.6992360618379381, 0.4832385612858666, 0.3286578920152452, 1.0848568942811754, 0.46494194865226746, 0.31835679875479805, 0.48673301935195923, 0.3014993286795086, 0.3670586595932643, 0.3252623693810569, 0.25383017626073623, 0.23000725938214195, 0.2830462016993099, 0.28644796709219617, 0.29136406050788033]}