{"Model1": [1.9720333967453394, 1.1610264495397224, 1.085232626933318, 0.8103908827671638, 0.7052584374562288, 0.6476307469300735, 0.6028900284033555, 0.5557447805618628, 0.5448347929960642, 0.5553999397999201, 0.5384340259509209, 0.5084466296128738, 0.5076287732674525, 0.48901061369822574, 0.4828538357829436], "Model2": [1.5596678547370129, 0.9323226717802194, 0.681387118039987, 0.5671931482278384, 0.5291663939372088, 0.4849199618284519, 0.5073802245733066, 0.6320453022535031, 0.46714359751114476, 0.4332898113972101, 0.41368319667302644, 0.4233610362578661, 0.3751135567824046, 0.4177650964030853, 0.38366943215712523], "Model3": [1.9273615532960646, 0.5139995998679063, 0.3897938581231313, 0.3803112560357803, 0.4012606313977486, 0.3638814844382115, 0.3205101439395012, 0.3340354813979222, 0.27628511715775883, 0.3004953559392538, 0.26687853964857566, 0.269478029356553, 0.2324303678021981, 0.24253095829716095, 0.2501032670529989]}