{"Model1": [48.611111111111114, 69.9074074074074, 75.66425120772946, 78.14009661835749, 82.0048309178744, 82.50805152979066, 82.42753623188406, 85.10466988727859, 85.4669887278583, 85.24557165861513, 86.97665056360708, 85.97020933977456, 87.80193236714976, 86.85587761674718, 87.4194847020934], "Model2": [50.32206119162641, 70.75281803542673, 76.65056360708535, 78.52254428341385, 80.2133655394525, 81.8840579710145, 81.8840579710145, 83.53462157809984, 84.19887278582931, 84.64170692431561, 85.90982286634461, 84.72222222222223, 86.29227053140097, 85.90982286634461, 86.85587761674718], "Model3": [63.989533011272144, 78.26086956521739, 82.06521739130434, 84.29951690821257, 84.56119162640901, 84.92351046698873, 84.96376811594203, 85.38647342995169, 86.53381642512078, 86.09098228663446, 86.95652173913044, 87.07729468599034, 87.2584541062802, 87.76167471819646, 87.7818035426731]}