{"Model1": [0.9920824236339993, 1.0433944596184626, 0.6488821506500244, 0.5354602171315087, 0.49280568295054966, 0.48868465423583984, 0.42920537127388847, 0.42352021402782863, 0.42581213845147026, 0.4565277397632599, 0.46698324879010517, 0.41983479261398315, 0.3897635175122155, 0.3970036341084374, 0.40769633319642806], "Model2": [0.8944118155373467, 0.6154664125707414, 0.5336522426870134, 0.4777206944094764, 0.424366874827279, 0.43894601199362016, 0.4270009398460388, 0.5055122375488281, 0.45652591851022506, 0.4228619419866138, 0.4283953871991899, 0.3656935758060879, 0.43556367026435006, 0.41602175765567356, 0.3379575312137604], "Model3": [0.6008260846138, 0.386043734020657, 0.3538118816084332, 0.40649498171276516, 0.38635382387373185, 0.42296256290541756, 0.4326035479704539, 0.31553904877768624, 0.36540671520762974, 0.28368743591838413, 0.49290670288933647, 0.4012012249893612, 0.22845609900024202, 0.35925283862484825, 0.28740590148501927]}