{"Model1": [63.33938294010889, 63.52087114337568, 74.77313974591651, 79.85480943738656, 80.58076225045372, 81.30671506352087, 83.66606170598911, 83.48457350272233, 84.39201451905626, 84.57350272232306, 82.75862068965517, 84.21052631578948, 85.11796733212341, 85.84392014519057, 85.2994555353902], "Model2": [68.78402903811252, 74.9546279491833, 77.67695099818512, 78.22141560798548, 81.12522686025409, 82.2141560798548, 80.21778584392014, 79.67332123411978, 82.03266787658802, 82.2141560798548, 81.85117967332124, 85.48094373865699, 83.8475499092559, 82.03266787658802, 86.9328493647913], "Model3": [78.22141560798548, 84.39201451905626, 85.2994555353902, 85.2994555353902, 86.38838475499092, 85.2994555353902, 86.02540834845735, 84.57350272232306, 85.66243194192377, 88.38475499092559, 83.12159709618875, 86.56987295825772, 90.38112522686025, 89.65517241379311, 89.11070780399274]}