{"Model1": [71.68784029038113, 78.40290381125227, 81.12522686025409, 82.57713248638838, 83.48457350272233, 83.66606170598911, 84.02903811252268, 84.02903811252268, 84.93647912885662, 84.93647912885662, 85.2994555353902, 84.39201451905626, 85.48094373865699, 85.48094373865699, 86.9328493647913], "Model2": [72.0508166969147, 76.58802177858439, 77.67695099818512, 81.66969147005445, 84.93647912885662, 85.48094373865699, 85.11796733212341, 87.65880217785843, 84.75499092558984, 86.02540834845735, 84.93647912885662, 87.29582577132486, 86.7513611615245, 89.47368421052632, 83.8475499092559], "Model3": [74.77313974591651, 82.94010889292196, 86.56987295825772, 71.32486388384756, 82.57713248638838, 83.12159709618875, 82.2141560798548, 88.2032667876588, 85.84392014519057, 89.11070780399274, 88.92921960072596, 90.38112522686025, 88.56624319419238, 86.7513611615245, 88.56624319419238]}