{"Model1": [59.86312399355877, 76.38888888888889, 83.77616747181965, 86.49355877616748, 89.63365539452496, 91.78743961352657, 92.21014492753623, 93.57890499194848, 94.52495974235104, 95.22946859903382, 95.71256038647343, 96.67874396135265, 96.53784219001611, 96.77938808373591, 97.24235104669887], "Model2": [52.13365539452496, 74.6376811594203, 82.1256038647343, 86.15136876006441, 88.80837359098228, 90.19726247987117, 90.82125603864735, 91.48550724637681, 92.8341384863124, 92.81400966183575, 93.69967793880838, 94.36392914653784, 95.61191626409018, 95.73268921095008, 95.73268921095008], "Model3": [77.01288244766505, 87.097423510467, 89.19082125603865, 90.33816425120773, 92.8341384863124, 93.80032206119162, 94.7061191626409, 94.80676328502416, 95.65217391304348, 95.83333333333333, 95.99436392914654, 96.61835748792271, 97.16183574879227, 96.98067632850241, 97.50402576489533]}