{"Model1": [72.23230490018149, 80.39927404718694, 83.30308529945553, 84.02903811252268, 84.57350272232306, 85.11796733212341, 84.75499092558984, 86.02540834845735, 85.84392014519057, 86.7513611615245, 86.20689655172414, 85.66243194192377, 87.84029038112523, 86.02540834845735, 86.7513611615245], "Model2": [64.97277676950998, 78.58439201451905, 85.48094373865699, 87.65880217785843, 89.47368421052632, 87.47731397459165, 88.56624319419238, 89.11070780399274, 88.74773139745916, 89.83666061705989, 90.19963702359347, 89.83666061705989, 90.56261343012704, 89.29219600725953, 90.01814882032667], "Model3": [86.02540834845735, 87.11433756805808, 86.20689655172414, 91.1070780399274, 92.37749546279491, 92.5589836660617, 90.19963702359347, 91.47005444646098, 93.28493647912886, 92.37749546279491, 92.92196007259528, 92.74047186932849, 91.83303085299455, 92.5589836660617, 93.46642468239564]}