{"Model1": [1.3002712703668153, 0.6551470565490234, 0.4520393804861949, 0.35848240153147626, 0.27649733424186707, 0.23226180997414467, 0.19702597569005612, 0.16631282832569036, 0.13950931180555087, 0.11716353883728003, 0.10989693936724694, 0.09327699669087544, 0.08913626614958048, 0.08337883524692212, 0.07421511953744368], "Model2": [1.3652682999769847, 0.6897735305321522, 0.45356368197080416, 0.336907942707722, 0.283053746399207, 0.24138170404311937, 0.20921058035813844, 0.1932922939841564, 0.17312384974689055, 0.16284490071046046, 0.14919353228731033, 0.13651077743046558, 0.11317724887377177, 0.10903470934583591, 0.10197462642995211], "Model3": [0.6854385294211216, 0.3367947642810834, 0.2725665829120538, 0.22338007075282243, 0.18269142030905455, 0.15502428841323423, 0.1365135521747363, 0.12842657536459276, 0.12314307178633335, 0.10472271732317331, 0.10261333270523793, 0.09374639005042039, 0.08646196185444029, 0.08044807386035338, 0.0678470331387451]}