{"Model1": [0.7628942728042603, 0.5691397587458292, 0.48547477854622734, 0.4234034087922838, 0.39313702119721305, 0.3523603578408559, 0.3405318392647637, 0.339174285531044, 0.35688186022970414, 0.36620526181326973, 0.36106457312901813, 0.3814883993731605, 0.37390033569600845, 0.40471787916289437, 0.37222861250241596], "Model2": [0.9535559945636325, 0.5589019589953952, 0.3847756220234765, 0.32651926742659676, 0.2836149682601293, 0.29085515936215717, 0.26900121735201943, 0.26771537959575653, 0.2670416583617528, 0.2914467553297679, 0.2588152190049489, 0.2767166859573788, 0.28772366378042435, 0.3189514759514067, 0.3164929524064064], "Model3": [0.3660958939128452, 0.3338281429476208, 0.35126738250255585, 0.23121517896652222, 0.2406330696410603, 0.22399137914180756, 0.2615203923649258, 0.22874770810206732, 0.23277701437473297, 0.21662681301434836, 0.2302380601565043, 0.2417469264732467, 0.30133207970195347, 0.2522749114367697, 0.23157217022445467]}