{"Model1": [0.9557747890551885, 0.5166639838463221, 0.391401157165185, 0.3269826429776656, 0.2820600708707785, 0.2306937552893009, 0.21880344635783097, 0.19932344121237597, 0.17463012813375547, 0.15128079558221194, 0.1356490217626859, 0.1305950666562869, 0.11219562396693689, 0.10223436623047559, 0.11349590234936048], "Model2": [1.8226379729234254, 0.9481422305107117, 0.6923119345536599, 0.5916790018479029, 0.5565980328963354, 0.5059160674229647, 0.45235646191315776, 0.4063591529161502, 0.3600683070910283, 0.3228354003184881, 0.29028567261038685, 0.27439218215071237, 0.24735845720920807, 0.23068565464554688, 0.2080188181537848], "Model3": [0.9078298616103637, 0.365209705554522, 0.295628591416738, 0.25635557354260713, 0.22366299480199814, 0.21143270866611066, 0.1907286127217305, 0.18824470893312722, 0.1707006461249712, 0.15005490102638036, 0.14160795438175017, 0.12799001155564418, 0.11691733843718584, 0.13012939763183778, 0.09930388622272474]}