{"Model1": [0.5505008432600234, 0.3535468644566006, 0.31683452592955696, 0.33449314203527236, 0.28035299645529854, 0.2769306219286389, 0.33474095000161064, 0.2824387964275148, 0.28671375744872624, 0.2780058988266521, 0.3053855258557532, 0.32250886410474777, 0.35633527404732174, 0.32116880681779647, 0.3928917348384857], "Model2": [1.1469438407156203, 0.7491748929023743, 0.6011193990707397, 0.5316960712273916, 0.5218590531084273, 0.4836960898505317, 0.43225077788035077, 0.43340333302815753, 0.4020230935679542, 0.33754311667548287, 0.3205288251241048, 0.3141466627518336, 0.29141515162256026, 0.23714467055267757, 0.26851583189434475], "Model3": [0.7376920117272271, 0.40733600821759963, 0.2959955682357152, 0.28097468117872876, 0.22158367021216285, 0.25343310584624607, 0.21626117742723888, 0.21980366276370156, 0.22424130307303536, 0.2243991858429379, 0.1920239826043447, 0.19212399009201261, 0.22289741122060353, 0.23097019228670332, 0.20177078992128372]}