{"Model1": [79.67332123411978, 86.38838475499092, 86.9328493647913, 86.02540834845735, 88.92921960072596, 88.92921960072596, 85.2994555353902, 88.38475499092559, 88.74773139745916, 88.92921960072596, 88.92921960072596, 88.38475499092559, 87.47731397459165, 88.74773139745916, 86.56987295825772], "Model2": [56.80580762250454, 72.77676950998185, 75.86206896551724, 77.67695099818512, 76.95099818511797, 78.76588021778585, 82.57713248638838, 83.12159709618875, 83.12159709618875, 84.75499092558984, 86.38838475499092, 86.7513611615245, 87.29582577132486, 89.47368421052632, 87.84029038112523], "Model3": [73.502722323049, 81.66969147005445, 86.9328493647913, 90.01814882032667, 89.83666061705989, 91.1070780399274, 91.83303085299455, 90.38112522686025, 91.2885662431942, 91.2885662431942, 93.10344827586206, 92.5589836660617, 91.47005444646098, 91.65154264972777, 92.19600725952813]}