{"Model1": [66.10305958132045, 81.32045088566828, 85.60789049919485, 87.88244766505636, 89.11030595813205, 90.88164251207729, 91.52576489533011, 92.5523349436393, 93.29710144927536, 94.4645732689211, 95.04830917874396, 95.22946859903382, 96.01449275362319, 96.4170692431562, 96.01449275362319], "Model2": [28.884863123993558, 65.05636070853463, 73.06763285024155, 75.64412238325282, 77.45571658615137, 79.36795491143317, 81.21980676328502, 83.57487922705315, 85.88969404186795, 87.15780998389694, 87.3389694041868, 88.90901771336554, 89.4927536231884, 90.21739130434783, 91.52576489533011], "Model3": [65.86151368760065, 84.82286634460547, 86.89613526570048, 89.00966183574879, 90.31803542673107, 91.02254428341385, 91.50563607085346, 92.00885668276973, 92.85426731078906, 93.65942028985508, 93.84057971014492, 94.6658615136876, 95.16908212560386, 94.8671497584541, 95.95410628019323]}