{"Model1": [0.5443806747595469, 0.3622577240069707, 0.33905047840542263, 0.285129114985466, 0.26922119160493213, 0.2864568481842677, 0.34073643220795524, 0.2808443672127194, 0.3521694524420632, 0.38537189695570206, 0.3061989214685228, 0.332317978143692, 0.3325200147098965, 0.3207279062933392, 0.3180829882621765], "Model2": [2.0237532721625433, 0.9827194412549337, 0.6596451203028361, 0.6803012159135606, 0.5214290850692325, 0.45052188634872437, 0.4715075261063046, 0.4815341532230377, 0.3991963300440047, 0.2988584157493379, 0.3115108178721534, 0.24370773467752668, 0.2555251800351673, 0.28681477076477474, 0.24720659686459434], "Model3": [0.430674930413564, 0.28243594368298847, 0.4131356378396352, 0.2364893075492647, 0.27421877284844715, 0.2910961177614, 0.21694028625885645, 0.27776384850343067, 0.24952189293172625, 0.24232328848706353, 0.20505965997775397, 0.1951017694340812, 0.2110583707690239, 0.28511786957581836, 0.23886272393994862]}