{"Model1": [0.9808669288953146, 0.5008840541809033, 0.4046961703361609, 0.3083276708538716, 0.2552037111077553, 0.23665289762310493, 0.20619549029148543, 0.19181970019753164, 0.16755990836864862, 0.17218134881785283, 0.1489904181410869, 0.14206563165554634, 0.1323281732889322, 0.12450276477596699, 0.11798825673758984], "Model2": [2.0677704627697286, 1.4739353076005592, 0.8515958212889158, 0.6688110545659677, 0.5808028127902594, 0.5092554764869885, 0.4579680483692732, 0.41243131363239044, 0.35945358528540683, 0.30940020905855375, 0.2778674085170795, 0.2617952751998718, 0.23533408515728438, 0.21742142144686136, 0.21234336036902207], "Model3": [0.9085497397642869, 0.3451703381844056, 0.2878409184706517, 0.23760603186793816, 0.21959355874703482, 0.18441538197489885, 0.17486703567779982, 0.15630463687464213, 0.1503651126359518, 0.14029163618882498, 0.13280879324063277, 0.12997753111024699, 0.10607789614452766, 0.09377951982120673, 0.09096487953017156]}