{"Model1": [80.21778584392014, 84.75499092558984, 86.02540834845735, 87.84029038112523, 88.74773139745916, 87.11433756805808, 86.02540834845735, 87.11433756805808, 86.38838475499092, 87.29582577132486, 88.74773139745916, 88.2032667876588, 88.02177858439201, 88.02177858439201, 87.65880217785843], "Model2": [14.519056261343012, 64.24682395644282, 74.59165154264973, 75.68058076225046, 78.40290381125227, 80.58076225045372, 80.58076225045372, 79.67332123411978, 83.66606170598911, 87.47731397459165, 86.9328493647913, 88.74773139745916, 88.92921960072596, 87.84029038112523, 89.65517241379311], "Model3": [82.3956442831216, 88.74773139745916, 82.2141560798548, 89.65517241379311, 89.29219600725953, 88.92921960072596, 89.47368421052632, 88.74773139745916, 89.65517241379311, 91.2885662431942, 92.37749546279491, 92.01451905626135, 91.65154264972777, 90.56261343012704, 91.83303085299455]}