{"Model1": [64.97584541062803, 82.487922705314, 85.80917874396135, 88.38566827697262, 90.09661835748793, 91.0829307568438, 92.25040257648953, 92.512077294686, 93.94122383252818, 93.61916264090178, 94.34380032206118, 94.26328502415458, 94.9476650563607, 95.24959742351047, 95.55152979066023], "Model2": [16.606280193236714, 46.4170692431562, 69.16264090177134, 74.7987117552335, 77.67713365539453, 80.1731078904992, 81.82367149758454, 83.9975845410628, 85.68840579710145, 87.902576489533, 88.40579710144928, 89.35185185185185, 90.35829307568439, 91.40499194847021, 91.78743961352657], "Model3": [69.00161030595814, 85.40660225442834, 87.27858293075684, 89.93558776167473, 90.76086956521739, 92.41143317230274, 92.61272141706924, 92.9951690821256, 93.65942028985508, 94.18276972624798, 94.34380032206118, 94.92753623188406, 95.83333333333333, 96.51771336553945, 96.25603864734299]}