{"Model1": [68.60254083484574, 76.58802177858439, 86.7513611615245, 86.56987295825772, 85.66243194192377, 84.02903811252268, 85.84392014519057, 83.30308529945553, 86.38838475499092, 86.9328493647913, 81.48820326678766, 87.65880217785843, 79.85480943738656, 85.48094373865699, 84.02903811252268], "Model2": [74.9546279491833, 78.0399274047187, 54.809437386569876, 88.02177858439201, 82.03266787658802, 85.2994555353902, 81.30671506352087, 85.84392014519057, 86.9328493647913, 87.65880217785843, 85.11796733212341, 87.11433756805808, 84.75499092558984, 81.12522686025409, 85.66243194192377], "Model3": [64.6098003629764, 76.40653357531761, 82.75862068965517, 84.21052631578948, 85.48094373865699, 85.11796733212341, 87.29582577132486, 83.12159709618875, 85.48094373865699, 84.39201451905626, 85.48094373865699, 85.84392014519057, 87.11433756805808, 85.11796733212341, 86.02540834845735]}