{"Model1": [2.8293638703150625, 0.7771274925042422, 0.7852760996574011, 0.45791659160302234, 0.8383291812661366, 0.3208134389267518, 0.31931903299230796, 0.23190192725413886, 0.21157127714309937, 0.26382909044145775, 0.1743670247065333, 0.18042312902756608, 0.2857780702627049, 0.20502749764217207, 0.18571587751070276], "Model2": [3.037365671915886, 1.2855911526160362, 0.749654981188285, 0.6251219438436704, 0.6038817967741917, 0.44655992549199325, 0.3449137879487796, 0.37469069158228546, 0.2921162506995293, 0.410297211068563, 0.2557249038647383, 0.24546751303550524, 0.26877159343507045, 0.22007895419851708, 0.2483204741938374], "Model3": [4.531945509024156, 1.394505503659065, 0.762651383303679, 0.9662012104422618, 0.4967710707241144, 0.44489030348948944, 0.3415624229953839, 0.3288981134119706, 0.4040055717222201, 0.6655531592953664, 0.6645963386847422, 0.2691424504423944, 0.24845410496569598, 0.40579829022336084, 0.21946313309793672]}