{"Model1": [0.8722435500886705, 0.6238878435558743, 0.4158004406425688, 0.4466460595528285, 0.5152204003598955, 0.5258016453848945, 0.5452241864469316, 0.7666470044189029, 0.5553678837087419, 0.50748510658741, 0.9203875992033217, 0.4885679764880074, 1.1758856541580625, 0.7798598905404409, 0.6680032544665866], "Model2": [0.736830366982354, 0.5590329137113359, 2.9385991361406116, 0.37820927798748016, 0.4582965787914064, 0.48453744418091244, 0.5368554691473643, 0.541923764679167, 0.5048333870040046, 0.5331757896476321, 0.5913924839761522, 0.5847147305806478, 0.6152492198679183, 0.8215534422132704, 0.8032631774743398], "Model3": [0.9663285480605232, 0.6688394082917107, 0.4652661614947849, 0.44956903325186837, 0.38282297717200386, 0.39558330674966175, 0.5194308443201913, 0.53813446395927, 0.49310459362135994, 0.5487481786145104, 0.5676029357645247, 0.546724365817176, 0.5686436394850413, 0.5823870698610941, 0.5717176033390893]}