{"Model1": [48.97342995169082, 74.01368760064412, 78.38164251207729, 84.72222222222223, 86.87600644122384, 89.69404186795491, 90.84138486312399, 92.512077294686, 93.27697262479872, 92.77375201288245, 94.9074074074074, 94.8671497584541, 94.60547504025764, 94.7463768115942, 95.20933977455717], "Model2": [49.45652173913044, 70.47101449275362, 77.41545893719807, 82.26650563607086, 84.07809983896941, 86.85587761674718, 89.35185185185185, 90.39855072463769, 91.62640901771337, 91.18357487922705, 92.61272141706924, 93.43800322061192, 93.53864734299516, 93.94122383252818, 93.55877616747182], "Model3": [43.78019323671498, 68.29710144927536, 78.40177133655395, 82.2061191626409, 85.56763285024155, 87.56038647342996, 89.39210950080515, 90.21739130434783, 90.41867954911433, 90.13687600644123, 91.10305958132045, 91.90821256038647, 93.37761674718196, 92.7938808373591, 93.98148148148148]}