{"Model1": [0.768207331498464, 0.6498239437739054, 0.6348224977652231, 0.5753144257598453, 0.5334057642353905, 0.48850228389104206, 0.443931864367591, 0.5444145003954569, 0.42228419913185966, 0.42982521653175354, 0.3909407953421275, 0.3559110032187568, 0.4149790075090196, 0.3573097089926402, 0.34321510957347023], "Model2": [2.058289262983534, 1.921127928627862, 1.3970492283503215, 1.1897417969173856, 0.9625580443276299, 0.839861790339152, 0.8237414691183302, 0.7276099191771613, 0.6853392587767707, 0.7354826927185059, 0.6825936502880521, 0.6716535488764445, 0.6147255566385057, 0.6132550968064202, 0.5649700231022305], "Model3": [1.038220140669081, 0.4839842551284366, 0.3252379165755378, 0.3043520516819424, 0.32461154295338523, 0.29309596286879647, 0.29667142530282337, 0.23801400429672664, 0.23998360998100704, 0.2281440811024772, 0.34384693370925057, 0.22982537415292528, 0.25207389228873783, 0.2441858102877935, 0.19805649088488686]}