{"Model1": [1.2588088978559544, 0.7846182707028512, 0.6852966119081546, 0.597448373452211, 0.5495342073532251, 0.4981753042875192, 0.4698585684482868, 0.4349538078292822, 0.3956988967764072, 0.38177777387392825, 0.3589366173897034, 0.34215161471794814, 0.3136396736670763, 0.30350674364047175, 0.2858113884352721], "Model2": [2.072835320081466, 2.0247467786837845, 1.6771997350912828, 1.351794889340034, 1.1534953583509495, 0.9948080663497632, 0.8751556055668073, 0.7941569487253824, 0.7613757577462074, 0.7213977040388645, 0.6802593248012738, 0.6588039077245272, 0.6340017043627225, 0.6120153466860453, 0.5873549725764837], "Model3": [1.666281671096117, 0.709999177700434, 0.42676746692412937, 0.3610657747739401, 0.30442939087366444, 0.2742784017553696, 0.26327529415870327, 0.24856077812803098, 0.23730492668274122, 0.22222037756672272, 0.2072043161934767, 0.203888766372051, 0.18530672349226782, 0.17940938358123487, 0.1844984348385762]}