{"Model1": [57.46779388083736, 72.82608695652173, 75.1610305958132, 78.48228663446055, 80.15297906602254, 81.26006441223832, 82.42753623188406, 84.13848631239935, 84.92351046698873, 85.7085346215781, 86.21175523349436, 87.23832528180354, 88.38566827697262, 88.44605475040258, 89.77455716586151], "Model2": [15.499194847020934, 18.61916264090177, 38.506441223832525, 53.90499194847021, 60.10466988727858, 64.69404186795491, 67.65297906602254, 70.59178743961353, 71.13526570048309, 72.70531400966183, 73.30917874396135, 74.17471819645732, 75.2818035426731, 75.402576489533, 76.42914653784219], "Model3": [48.429951690821255, 80.03220611916264, 84.56119162640901, 85.4669887278583, 87.68115942028986, 88.48631239935588, 89.04991948470209, 89.09017713365539, 89.99597423510467, 91.16344605475041, 91.46537842190016, 91.78743961352657, 92.81400966183575, 92.6328502415459, 92.81400966183575]}