{"Model1": [74.22867513611615, 75.68058076225046, 78.22141560798548, 76.76950998185119, 78.40290381125227, 79.67332123411978, 82.3956442831216, 79.49183303085299, 82.2141560798548, 82.57713248638838, 82.94010889292196, 83.8475499092559, 82.57713248638838, 86.20689655172414, 86.02540834845735], "Model2": [15.245009074410163, 31.57894736842105, 54.08348457350272, 59.528130671506354, 64.06533575317604, 69.1470054446461, 70.5989110707804, 72.41379310344827, 73.6842105263158, 73.32123411978222, 70.78039927404718, 74.77313974591651, 75.86206896551724, 74.9546279491833, 76.58802177858439], "Model3": [78.40290381125227, 84.75499092558984, 88.38475499092559, 88.02177858439201, 85.48094373865699, 87.29582577132486, 88.2032667876588, 89.83666061705989, 89.29219600725953, 89.29219600725953, 84.39201451905626, 91.2885662431942, 89.83666061705989, 89.83666061705989, 91.1070780399274]}