{"0.001": [63.665202537823326, 73.32845290385553, 73.39352529689279, 73.39352529689279, 73.43419554254108, 73.8815682446722, 74.35334309419228, 75.10167561412071, 75.84187408491947, 76.75288758744102, 77.46868391085083, 78.25768667642753, 79.34764925980153, 80.51081828534244, 81.59264681958679, 82.57686676427525, 83.29266308768506, 83.72376769155686, 84.05726370587278, 84.33382137628111], "0.002": [55.94598991377908, 73.01122498779893, 73.39352529689279, 73.39352529689279, 73.49113388644868, 73.84903204815357, 74.45908573287782, 75.10980966325036, 75.80933788840085, 76.65527899788515, 77.24093053522043, 77.83471612168537, 78.73759557507728, 79.57540263543191, 80.73043761184317, 81.69025540914267, 82.43858792907109, 82.99170326988775, 83.49601431592647, 83.96778916544656], "0.003": [58.60582397917683, 73.17390597039206, 73.39352529689279, 73.39352529689279, 73.45859768993004, 73.66194891817146, 73.92223849032048, 74.51602407678543, 75.12607776150968, 76.06962746054987, 77.00504311046039, 78.04620139905646, 79.14429803156011, 80.08784773060029, 80.72230356271352, 81.62518301610542, 82.30844314299658, 82.86969253294289, 83.39027167724093, 83.92711891979827], "0.004": [62.99007646006182, 73.34472100211485, 73.39352529689279, 73.39352529689279, 73.45859768993004, 73.94664063770945, 74.45095168374817, 75.30502684236212, 76.02895721490158, 76.94810476655279, 77.88352041646331, 78.78639986985522, 79.65674312672849, 80.42134374491621, 81.47063608264195, 82.30844314299658, 83.09744590857329, 83.75630388807548, 84.35008947454043, 84.72425573450464], "0.005": [63.396778916544655, 73.30405075646657, 73.40165934602246, 73.40165934602246, 73.48299983731901, 73.75142345859769, 74.23946640637709, 74.75191150154546, 75.2724906458435, 75.8174719375305, 76.50886611355132, 77.33040507564665, 78.1112737920937, 79.15243208068976, 80.3888075483976, 81.25915080527086, 82.05628761997723, 82.65007320644217, 83.07304376118432, 83.59362290548235], "0.006": [64.8934439564015, 73.29591670733691, 73.39352529689279, 73.39352529689279, 73.43419554254108, 73.74328940946803, 74.1255897185619, 74.71937530502684, 75.52464616886286, 76.14283390271677, 76.8342280787376, 77.59069464779567, 78.15194403774198, 79.33138116154221, 80.36440540100863, 81.17781031397429, 82.09695786562551, 82.57686676427525, 83.1137140068326, 83.55295265983406], "0.007": [58.996258337400356, 73.17390597039206, 73.40165934602246, 73.40165934602246, 73.40979339515211, 73.6944851146901, 74.20693020985847, 74.83325199284204, 75.45143972669595, 76.11029770619814, 76.9074345209045, 77.72083943387018, 78.73759557507728, 79.70554742150642, 80.82804620139906, 81.57637872132747, 82.3816495851635, 82.9998373190174, 83.52041646331544, 84.11420204978037], "0.008": [60.87522368635106, 73.07629738083618, 73.39352529689279, 73.39352529689279, 73.39352529689279, 73.56434032861559, 74.02798112900602, 74.75191150154546, 75.67919310232634, 76.52513421181064, 77.25719863347975, 78.21701643077924, 79.3720514071905, 80.45387994143485, 81.13714006832602, 81.84480234260614, 82.72327964860908, 83.40653977550025, 83.7725719863348, 84.35822352367008], "0.009000000000000001": [58.6302261265658, 73.12510167561412, 73.39352529689279, 73.39352529689279, 73.47486578818936, 73.90597039206116, 74.38587929071092, 74.88205628761997, 75.67919310232634, 76.51700016268099, 77.2653326826094, 78.2251504799089, 78.90841060680006, 79.71368147063609, 80.48641613795347, 81.39742964047502, 82.07255571823654, 82.9998373190174, 83.82137628111273, 84.42329591670733], "0.01": [66.39010899625833, 73.29591670733691, 73.39352529689279, 73.40165934602246, 73.49113388644868, 74.17439401333984, 74.6705710102489, 75.3294289897511, 76.11029770619814, 76.93183666829347, 77.85098421994469, 78.63998698552139, 79.74621766715471, 80.90125264356597, 81.94241093216203, 82.51992842036766, 83.1137140068326, 83.6586952985196, 84.2036765902066, 84.77306002928258], "0.02": [60.36277859118269, 73.06002928257686, 73.39352529689279, 73.38539124776314, 73.47486578818936, 74.01984707987636, 74.84138604197169, 75.36196518626973, 76.24857654140231, 77.08638360175695, 77.85098421994469, 78.12754189035302, 78.93281275418903, 79.4452578493574, 80.33186920448999, 80.62469497315763, 80.9500569383439, 81.70652350740198, 82.07255571823654, 82.72327964860908], "0.03": [65.88579795021963, 73.32845290385553, 73.39352529689279, 73.39352529689279, 73.41792744428176, 73.80836180250529, 74.45095168374817, 75.19928420367658, 75.89881242882707, 76.75288758744102, 77.51748820562877, 78.34716121685375, 79.47779404587604, 79.99023914104441, 81.05579957702945, 81.73092565479095, 82.33284529038555, 83.056775662925, 83.63429315113063, 84.05726370587278], "0.04": [65.72311696762648, 73.20644216691069, 73.39352529689279, 73.39352529689279, 73.43419554254108, 73.88970229380186, 74.36147714332195, 75.15861395802831, 75.93134862534569, 76.53326826094029, 77.41987961607288, 78.2820888238165, 79.10362778591183, 80.20172441841548, 81.01512933138116, 81.82853424434684, 82.65007320644217, 83.60989100374167, 84.10606800065072, 84.59411094843013], "0.05": [61.56661786237189, 73.17390597039206, 73.39352529689279, 73.38539124776314, 73.58874247600455, 74.26386855376606, 75.01220107369448, 75.66292500406702, 76.50073206442167, 77.25719863347975, 77.94045876037092, 78.81080201724419, 79.52659834065398, 80.65723116967627, 81.41369773873434, 82.08882381649585, 82.82902228729462, 83.44721002114852, 83.94338701805759, 83.83764437937205], "0.060000000000000005": [55.40100862209208, 72.92988449650235, 73.39352529689279, 73.39352529689279, 73.63754677078249, 73.94664063770945, 74.70310720676753, 75.35383113714006, 75.95575077273466, 76.7203513909224, 77.28973482999837, 77.83471612168537, 78.6562550837807, 79.60793883195055, 80.47828208882382, 81.52757442654953, 82.38978363429315, 83.12184805596226, 83.47974621766716, 83.99219131283553], "0.06999999999999999": [63.02261265658045, 73.25524646168863, 73.39352529689279, 73.40165934602246, 73.42606149341142, 74.00357898161705, 74.3696111924516, 74.9715308280462, 75.50837807060354, 76.02895721490158, 76.76102163657069, 77.6801691882219, 78.27395477468684, 79.06295754026354, 80.07971368147064, 81.18594436310396, 81.92614283390272, 82.46299007646006, 83.01610541727672, 83.61802505287132], "0.08": [66.47958353668456, 73.30405075646657, 73.38539124776314, 73.38539124776314, 73.43419554254108, 73.64568081991216, 73.94664063770945, 74.45908573287782, 75.09354156499106, 75.89881242882707, 76.60647470310721, 77.38734341955426, 78.20888238164959, 79.19310232633805, 80.45387994143485, 81.67398731088336, 82.65820725557182, 83.2438587929071, 83.9027167724093, 84.23621278672523], "0.09": [68.2772083943387, 73.27151455994795, 73.39352529689279, 73.39352529689279, 73.4504636408004, 73.84089799902391, 74.47535383113714, 75.30502684236212, 76.24857654140231, 77.17585814218317, 78.17634618513095, 79.13616398243046, 80.16105417276721, 81.02326338051081, 81.62518301610542, 82.3979176834228, 83.00797136814707, 83.5854888563527, 84.12233609891004, 84.69985358711567], "0.1": [63.73027493086058, 73.22271026517001, 73.39352529689279, 73.39352529689279, 73.40979339515211, 73.63754677078249, 74.20693020985847, 74.86578818936066, 75.43517162843663, 75.95575077273466, 76.75288758744102, 77.66390108996258, 78.5261102977062, 79.11989588417114, 79.96583699365544, 80.7629738083618, 81.7227916056613, 82.31657719212625, 82.94289897510981, 83.51228241418578], "0.2": [58.51634943875061, 72.9217504473727, 73.40165934602246, 73.42606149341142, 73.54807223035627, 74.08491947291361, 74.77631364893443, 75.53278021799251, 76.4031234748658, 77.09451765088662, 77.94859280950057, 78.93281275418903, 79.94143484626647, 80.68163331706523, 81.38116154221572, 82.08882381649585, 82.7395477468684, 83.38213762811128, 83.80510818285343, 84.24434683585488],