{"0.001": [73.08443142996583, 73.86530014641288, 73.86530014641288, 73.86530014641288, 74.03611517813567, 74.59736456808199, 75.08540751586139, 75.74426549536359, 76.25671059053197, 76.81795998047828, 77.47681795998048, 78.06246949731576, 78.74572962420693, 79.69741337237677, 80.11224987798926, 80.64909712054661, 81.28355295265983, 81.3079551000488, 80.89311859443632, 80.40507564665691], "0.002": [72.15714982918497, 73.88970229380186, 73.86530014641288, 73.84089799902391, 74.08491947291361, 74.59736456808199, 75.13421181063934, 75.8174719375305, 76.50073206442167, 76.76915568570034, 76.8911664226452, 77.91605661298195, 78.20888238164959, 79.16056612981943, 80.23426061493412, 80.45387994143485, 80.72230356271352, 81.01512933138116, 81.03953147877013, 81.03953147877013], "0.003": [72.47437774524158, 73.88970229380186, 73.88970229380186, 73.88970229380186, 73.96290873596877, 74.30453879941435, 74.45095168374817, 74.79258174719375, 75.64665690580772, 76.25671059053197, 77.45241581259151, 77.91605661298195, 78.62371888726207, 79.28257686676427, 79.55100048804294, 79.20937042459737, 79.9170326988775, 80.23426061493412, 80.50268423621279, 80.94192288921425], "0.004": [73.4504636408004, 73.91410444119083, 73.88970229380186, 73.86530014641288, 73.81649585163494, 74.28013665202538, 74.6705710102489, 75.35383113714006, 76.01268911664226, 76.52513421181064, 77.40361151781357, 77.72083943387018, 78.5993167398731, 79.13616398243046, 79.40458760370913, 79.96583699365544, 80.74670571010249, 81.35675939482674, 81.52757442654953, 81.33235724743777], "0.005": [73.13323572474378, 73.88970229380186, 73.88970229380186, 73.91410444119083, 73.9385065885798, 74.37774524158127, 74.91459248413861, 75.3294289897511, 75.79306979014153, 76.69594924353343, 77.30600292825768, 77.64763299170328, 77.89165446559298, 78.64812103465106, 79.59980478282088, 79.94143484626647, 80.55148853099072, 80.67349926793558, 81.33235724743777, 81.16154221571499], "0.006": [73.57247437774524, 73.88970229380186, 73.88970229380186, 73.88970229380186, 73.96290873596877, 74.32894094680331, 74.59736456808199, 75.06100536847242, 75.64665690580772, 76.45192776964373, 77.15959004392387, 77.94045876037092, 78.57491459248413, 78.67252318204002, 79.11176183504148, 79.96583699365544, 80.50268423621279, 80.86871644704733, 81.28355295265983, 81.45436798438263], "0.007": [72.81600780868716, 73.88970229380186, 73.88970229380186, 73.88970229380186, 74.13372376769156, 74.52415812591508, 74.91459248413861, 75.67105905319669, 76.35431918008784, 76.86676427525622, 77.03757930697901, 77.59882869692532, 78.5993167398731, 79.03855539287457, 79.86822840409955, 80.25866276232308, 80.40507564665691, 80.45387994143485, 79.81942410932162, 79.9170326988775], "0.008": [72.35236700829672, 73.88970229380186, 73.88970229380186, 73.88970229380186, 73.96290873596877, 74.15812591508053, 74.81698389458272, 75.67105905319669, 76.28111273792094, 77.06198145436798, 77.52562225475842, 78.20888238164959, 78.86774036115177, 79.40458760370913, 80.06344558321132, 80.13665202537824, 80.33186920448999, 80.40507564665691, 80.72230356271352, 81.11273792093704], "0.009000000000000001": [72.81600780868716, 73.88970229380186, 73.88970229380186, 73.88970229380186, 74.06051732552464, 74.4265495363592, 75.01220107369448, 75.84187408491947, 76.4763299170327, 77.28160078086871, 77.64763299170328, 78.40409956076135, 79.06295754026354, 79.52659834065398, 79.55100048804294, 79.72181551976574, 80.13665202537824, 80.64909712054661, 81.03953147877013, 81.13714006832602], "0.01": [73.49926793557833, 73.88970229380186, 73.88970229380186, 73.91410444119083, 74.47535383113714, 74.74377745241581, 75.40263543191801, 75.91508052708639, 76.28111273792094, 76.93997071742314, 77.67203513909224, 78.3552952659834, 79.13616398243046, 79.79502196193265, 80.06344558321132, 80.55148853099072, 80.60029282576866, 80.84431429965836, 80.86871644704733, 80.86871644704733], "0.02": [72.81600780868716, 73.88970229380186, 73.88970229380186, 73.84089799902391, 74.10932162030258, 74.6705710102489, 75.28062469497316, 76.11029770619814, 77.06198145436798, 78.03806734992679, 78.62371888726207, 78.33089311859443, 78.62371888726207, 79.1849682772084, 79.20937042459737, 79.2581747193753, 80.08784773060029, 80.23426061493412, 80.52708638360176, 80.99072718399219], "0.03": [73.30405075646657, 73.88970229380186, 73.88970229380186, 73.88970229380186, 74.10932162030258, 74.76817959980478, 75.45143972669595, 76.20790629575403, 76.69594924353343, 77.23279648609078, 77.91605661298195, 78.62371888726207, 79.28257686676427, 79.9170326988775, 80.23426061493412, 80.55148853099072, 80.5758906783797, 80.79551000488043, 81.13714006832602, 81.18594436310396], "0.04": [72.59638848218643, 73.88970229380186, 73.88970229380186, 73.91410444119083, 73.96290873596877, 74.35334309419228, 74.86578818936066, 75.08540751586139, 75.91508052708639, 76.52513421181064, 77.23279648609078, 78.13567593948268, 78.50170815031723, 79.2581747193753, 79.6730112249878, 80.40507564665691, 80.72230356271352, 81.2347486578819, 81.3079551000488, 81.3079551000488], "0.05": [72.91361639824305, 73.88970229380186, 73.88970229380186, 73.9385065885798, 74.54856027330405, 75.18301610541728, 75.54904831625183, 76.15910200097609, 77.06198145436798, 77.79404587603709, 78.55051244509517, 79.28257686676427, 79.9170326988775, 80.16105417276721, 80.52708638360176, 81.13714006832602, 81.18594436310396, 81.4787701317716, 81.77159590043924, 81.84480234260614], "0.060000000000000005": [70.88823816495852, 73.88970229380186, 73.88970229380186, 73.91410444119083, 73.79209370424597, 74.03611517813567, 74.76817959980478, 75.28062469497316, 75.84187408491947, 76.67154709614447, 77.30600292825768, 78.1112737920937, 78.69692532942899, 79.06295754026354, 79.2581747193753, 79.86822840409955, 80.47828208882382, 80.35627135187896, 80.33186920448999, 80.16105417276721], "0.06999999999999999": [73.71888726207906, 73.88970229380186, 73.88970229380186, 73.9385065885798, 74.1825280624695, 74.54856027330405, 75.18301610541728, 75.71986334797462, 75.84187408491947, 76.59834065397754, 77.1351878965349, 77.62323084431429, 78.01366520253782, 78.5261102977062, 78.81893606637384, 78.8433382137628, 79.11176183504148, 79.72181551976574, 80.72230356271352, 80.94192288921425], "0.08": [73.13323572474378, 73.88970229380186, 73.88970229380186, 73.88970229380186, 73.84089799902391, 74.13372376769156, 74.62176671547095, 75.20741825280625, 76.03709126403123, 76.86676427525622, 77.81844802342606, 78.18448023426062, 78.20888238164959, 78.98975109809663, 79.99023914104441, 80.64909712054661, 81.28355295265983, 81.42996583699366, 81.82040019521718, 81.84480234260614], "0.09": [73.42606149341142, 73.88970229380186, 73.88970229380186, 73.88970229380186, 74.03611517813567, 74.49975597852611, 75.52464616886286, 76.3055148853099, 76.79355783308931, 77.59882869692532, 78.3552952659834, 79.23377257198634, 79.64860907759883, 80.45387994143485, 80.84431429965836, 81.11273792093704, 81.35675939482674, 81.69838945827233, 81.82040019521718, 81.69838945827233], "0.1": [73.2796486090776, 73.88970229380186, 73.88970229380186, 73.88970229380186, 73.98731088335774, 74.4265495363592, 74.57296242069302, 74.98779892630552, 75.62225475841873, 76.232308443143, 76.59834065397754, 77.18399219131284, 77.91605661298195, 78.79453391898487, 79.33138116154221, 79.81942410932162, 80.52708638360176, 80.69790141532455, 81.08833577354807, 81.18594436310396], "0.2": [71.91312835529527, 73.88970229380186, 73.88970229380186, 73.91410444119083, 74.06051732552464, 74.93899463152758, 75.86627623230844, 76.57393850658858, 77.42801366520254, 77.74524158125915, 78.47730600292826, 78.8433382137628, 79.50219619326501, 79.69741337237677, 80.08784773060029, 81.0639336261591, 81.3079551000488, 81.4787701317716, 81.13714006832602, 81.16154221571499],