{"0.001": [61.64795835366846, 73.32031885472588, 73.60501057426387, 75.10167561412071, 78.12754189035302, 80.75483975923214, 82.9835692207581, 85.12282414185782, 87.35968765251341, 89.06783796974133, 91.19082479258175, 93.54156499105254, 95.22531316089149, 96.16886285993168, 97.11241255897185, 97.86074507890028, 98.26744753538311, 98.56840735318042, 98.9832438587929, 99.13779079225638], "0.002": [61.46087522368635, 73.38539124776314, 73.47486578818936, 74.45908573287782, 76.98877501220107, 79.72994956889539, 81.82853424434684, 83.95965511631691, 85.92809500569383, 87.93720514071904, 90.08459411094843, 92.19131283552953, 94.16788677403612, 95.60761346998535, 96.9741337237677, 97.64112575239955, 98.16983894582724, 98.43826256710591, 98.95884171140393, 99.11338864486741], "0.003": [69.2370261916382, 73.36912314950382, 73.53993818122662, 74.95526272978688, 77.65576704083293, 80.12851797624857, 81.94241093216203, 83.6586952985196, 85.81421831787864, 88.05108182853425, 90.38555392874574, 92.65495363591997, 94.42004229705547, 95.76216040344883, 96.96599967463804, 97.61672360501058, 97.8770131771596, 98.33251992842037, 98.73108833577355, 99.08898649747844], "0.004": [65.18626972506914, 73.39352529689279, 73.41792744428176, 74.49975597852611, 77.02944525784936, 79.5428664389133, 81.69838945827233, 84.05726370587278, 86.40800390434359, 88.7180738571661, 90.91426712217341, 92.79323247112413, 94.64779567268586, 95.88417114039369, 96.8602570359525, 97.84447698064096, 98.34065397755002, 98.39759232145762, 98.82869692532942, 98.64974784447698], "0.005": [65.1374654302912, 73.40165934602246, 73.61314462339352, 75.00406702456483, 77.84285017081503, 80.41320969578656, 82.73141369773873, 85.07401984707988, 87.24581096469822, 89.49894257361315, 91.5568570034163, 93.43582235236701, 94.9243533430942, 95.99804782820888, 96.99040182202701, 97.79567268586302, 98.32438587929072, 98.67414999186595, 99.0808524483488, 99.17846103790467], "0.006": [69.54612005856515, 73.38539124776314, 73.54807223035627, 74.86578818936066, 77.74524158125915, 80.36440540100863, 82.4955262729787, 84.83813242231983, 87.10753212949406, 89.02716772409305, 90.98747356434033, 92.85017081503172, 94.68846591833415, 96.26647144948755, 97.00666992028631, 97.66552789978851, 98.31625183016105, 98.6660159427363, 98.67414999186595, 99.12152269399706], "0.007": [68.26907434520905, 73.37725719863349, 73.42606149341142, 74.51602407678543, 77.88352041646331, 80.45387994143485, 82.7558158451277, 85.12282414185782, 87.34341955425411, 89.35252968927932, 91.43484626647145, 93.27314136977387, 95.04636408003904, 96.11192451602408, 97.15308280462014, 98.16170489669757, 98.61721164795836, 98.64161379534733, 98.7392223849032, 99.14592484138605], "0.008": [67.00829673011225, 73.40979339515211, 73.62127867252318, 75.93948267447536, 78.8270701155035, 80.79551000488043, 82.86155848381324, 85.31804132096958, 87.3271514559948, 89.5070766227428, 91.5568570034163, 93.64730762973808, 95.1846429152432, 96.5023588742476, 97.29949568895397, 97.90141532454857, 98.44639661623556, 98.59280950056939, 98.32438587929072, 98.7961607288108], "0.009000000000000001": [61.34699853587116, 73.38539124776314, 73.53180413209695, 75.4595737758256, 78.43663575727997, 80.80364405401009, 82.79648609077599, 85.24483487880266, 87.43289409468034, 89.31185944363104, 91.28029933300797, 93.20806897673661, 94.81861070440866, 95.8435008947454, 97.03107206767528, 97.62485765414023, 98.05596225801204, 98.40572637058727, 98.61721164795836, 98.83683097445909], "0.01": [66.05661298194241, 73.38539124776314, 73.49926793557833, 74.90645843500894, 77.82658207255572, 80.55962258012039, 82.9835692207581, 85.38311371400684, 87.66878151944037, 89.83243858792908, 92.01236375467708, 93.95640149666504, 95.43679843826257, 96.48609077598829, 97.52724906458435, 96.65690580771108, 96.71384415161867, 98.05596225801204, 98.81242882707012, 99.30860582397918], "0.02": [68.00878477306003, 73.37725719863349, 73.47486578818936, 74.28013665202538, 77.35480722303562, 79.90076460061819, 82.58500081340492, 84.91133886448674, 87.10753212949406, 89.1491784610379, 91.35350577517488, 93.50089474540427, 95.1114364730763, 96.2013990564503, 96.99853587115666, 97.820074833252, 98.24304538799414, 98.38945827232797, 98.41386041971694, 98.65788189360664], "0.03": [64.80396941597527, 73.36912314950382, 73.49113388644868, 74.40214738897023, 77.08638360175695, 79.46152594761672, 81.73092565479095, 83.99219131283553, 86.2941272165284, 88.27883520416464, 90.24727509354156, 92.12624044249227, 93.67170977712705, 95.00569383439075, 95.97364568081991, 96.75451439726696, 97.25069139417602, 97.8770131771596, 98.42199446884659, 98.7229542866439], "0.04": [64.08817309256548, 73.39352529689279, 73.54807223035627, 74.59736456808199, 77.57442654953635, 80.30746705710102, 82.65820725557182, 84.87066861883845, 86.78217016430779, 88.91329103627785, 90.84919472913616, 93.15926468195867, 94.76980640963072, 96.2583374003579, 97.09614446071254, 97.69806409630714, 98.14543679843827, 98.34878802667969, 98.63347974621767, 99.00764600618187], "0.05": [68.41548722954286, 73.37725719863349, 73.50740198470798, 75.24808849845454, 77.94045876037092, 80.49455018708314, 82.71514559947943, 85.15536033837644, 87.1400683260127, 89.075972018871, 91.23149503823004, 93.10232633805109, 94.3387018057589, 95.63201561737434, 96.66503985684074, 97.31576378721327, 97.88514722628925, 98.62534569708801, 98.69855213925491, 98.86936717097771], "0.060000000000000005": [68.0901252643566, 73.39352529689279, 73.41792744428176, 74.25573450463641, 77.41174556694322, 79.92516674800716, 81.99121522693997, 84.33382137628111, 86.57068488693672, 88.59606312022125, 90.58890515698715, 92.34585976899301, 94.0946803318692, 95.32292175044738, 96.6162355620628, 97.6492598015292, 98.00715796323409, 98.44639661623556, 98.82869692532942, 98.99951195705222], "0.06999999999999999": [63.03888075483976, 73.40979339515211, 73.5968765251342, 75.05287131934277, 77.95672685863022, 80.17732227102651, 82.6826094029608, 85.02521555230193, 87.05872783471612, 89.32812754189035, 91.53245485602733, 93.43582235236701, 95.25784935741012, 96.3722140881731, 97.29949568895397, 98.08036440540101, 98.40572637058727, 98.71482023751423, 98.8530990727184, 99.00764600618187], "0.08": [69.92842036765902, 73.37725719863349, 73.53993818122662, 75.28062469497316, 78.03806734992679, 80.47828208882382, 82.80462013990565, 85.04148365056125, 86.92858304864161, 89.06783796974133, 91.1257523995445, 93.25687327151456, 94.90808524483488, 96.20953310557996, 97.18561900113876, 97.39710427850984, 98.12103465104929, 98.38945827232797, 98.77989263055149, 99.0401822027005], "0.09": [58.78477306002928, 73.3365869529852, 73.54807223035627, 74.58923051895233, 78.00553115340817, 80.13665202537824, 82.24337074995933, 84.38262567105906, 86.64389132910362, 88.6041971693509, 90.80852448348789, 92.91524320806897, 94.68846591833415, 96.09565641776476, 97.00666992028631, 97.60045550675126, 98.21864324060518, 98.60094354969904, 98.61721164795836, 99.13779079225638], "0.1": [65.6255083780706, 73.3528550512445, 73.60501057426387, 75.142345859769, 77.47681795998048, 80.62469497315763, 82.6419391573125, 84.96014315926469, 87.22140881730925, 89.29559134537173, 91.49178461037904, 93.62290548234911, 95.33105579957703, 96.51862697250691, 97.22628924678705, 97.86074507890028, 98.34878802667969, 98.20237514234586, 98.94257361314462, 98.87750122010738], "0.2": [65.41402310069952, 73.32845290385553, 73.43419554254108, 74.24760045550676, 76.9643728648121, 79.82755815845128, 82.04001952171791, 84.56157475191151, 86.74149991865951, 88.82381649585163, 90.96307141695137, 93.12672848544005, 94.84301285179762, 95.98991377907923, 96.98226777289734, 97.6329917032699, 98.3081177810314, 98.40572637058727, 98.7961607288108, 98.86936717097771],