{"0.001": [73.47486578818936, 73.88970229380186, 74.23133235724744, 74.96339677891655, 77.72083943387018, 79.16056612981943, 79.79502196193265, 80.30746705710102, 80.8199121522694, 80.64909712054661, 80.33186920448999, 80.45387994143485, 76.8911664226452, 78.06246949731576, 77.33040507564665, 76.86676427525622, 79.72181551976574, 78.67252318204002, 77.79404587603709, 76.9643728648121], "0.002": [73.57247437774524, 73.86530014641288, 73.88970229380186, 74.98779892630552, 75.59785261102977, 77.81844802342606, 78.20888238164959, 79.77061981454368, 80.08784773060029, 79.86822840409955, 80.5758906783797, 80.30746705710102, 80.06344558321132, 79.55100048804294, 79.74621766715471, 77.84285017081503, 78.42850170815032, 78.64812103465106, 79.69741337237677, 78.30649097120546], "0.003": [73.88970229380186, 73.88970229380186, 73.98731088335774, 74.37774524158127, 76.45192776964373, 77.69643728648121, 78.50170815031723, 79.28257686676427, 80.67349926793558, 81.11273792093704, 80.64909712054661, 80.16105417276721, 79.55100048804294, 79.0141532454856, 80.03904343582235, 77.20839433870181, 78.9409468033187, 78.74572962420693, 79.52659834065398, 79.2581747193753], "0.004": [73.64568081991216, 73.88970229380186, 73.9385065885798, 75.18301610541728, 75.96388482186433, 78.62371888726207, 78.57491459248413, 79.94143484626647, 80.42947779404588, 79.59980478282088, 79.9170326988775, 79.35578330893118, 79.52659834065398, 78.30649097120546, 79.2581747193753, 79.1849682772084, 77.33040507564665, 77.69643728648121, 76.08589555880917, 77.72083943387018], "0.005": [73.62127867252318, 73.88970229380186, 74.1825280624695, 75.42703757930698, 77.52562225475842, 78.89214250854076, 80.69790141532455, 80.45387994143485, 81.13714006832602, 80.74670571010249, 81.11273792093704, 79.9170326988775, 77.98926305514885, 79.52659834065398, 80.18545632015618, 77.30600292825768, 79.35578330893118, 77.52562225475842, 77.91605661298195, 78.40409956076135], "0.006": [73.91410444119083, 73.91410444119083, 74.08491947291361, 75.8174719375305, 77.81844802342606, 78.79453391898487, 80.84431429965836, 81.40556368960469, 81.38116154221572, 80.99072718399219, 81.45436798438263, 80.30746705710102, 80.50268423621279, 79.57540263543191, 79.33138116154221, 78.91654465592973, 78.50170815031723, 77.11078574914592, 76.79355783308931, 77.30600292825768], "0.007": [73.767691556857, 73.88970229380186, 73.84089799902391, 75.3294289897511, 77.57442654953635, 78.33089311859443, 80.42947779404588, 81.25915080527086, 81.08833577354807, 80.11224987798926, 80.11224987798926, 79.9170326988775, 80.96632503660322, 80.08784773060029, 80.23426061493412, 80.52708638360176, 79.35578330893118, 78.40409956076135, 78.98975109809663, 79.74621766715471], "0.008": [73.62127867252318, 73.91410444119083, 73.98731088335774, 75.59785261102977, 77.52562225475842, 78.40409956076135, 80.50268423621279, 81.45436798438263, 81.74719375305027, 81.57637872132747, 81.21034651049293, 81.45436798438263, 79.64860907759883, 80.40507564665691, 80.84431429965836, 79.16056612981943, 78.08687164470473, 78.64812103465106, 77.98926305514885, 79.79502196193265], "0.009000000000000001": [73.71888726207906, 73.86530014641288, 73.96290873596877, 74.52415812591508, 76.57393850658858, 78.8433382137628, 79.96583699365544, 80.50268423621279, 80.50268423621279, 80.38067349926794, 79.59980478282088, 79.52659834065398, 79.13616398243046, 79.06295754026354, 79.13616398243046, 79.77061981454368, 79.30697901415324, 79.38018545632016, 78.89214250854076, 78.89214250854076], "0.01": [73.81649585163494, 73.88970229380186, 74.0117130307467, 75.64665690580772, 77.45241581259151, 78.89214250854076, 80.30746705710102, 80.42947779404588, 80.94192288921425, 80.84431429965836, 80.33186920448999, 79.84382625671059, 79.64860907759883, 79.55100048804294, 79.28257686676427, 77.74524158125915, 78.62371888726207, 79.79502196193265, 79.72181551976574, 78.96534895070766], "0.02": [73.767691556857, 73.86530014641288, 73.86530014641288, 74.64616886285994, 76.67154709614447, 79.06295754026354, 80.20985846754515, 80.74670571010249, 80.64909712054661, 80.25866276232308, 79.84382625671059, 79.03855539287457, 78.62371888726207, 77.867252318204, 76.98877501220107, 77.28160078086871, 78.67252318204002, 77.79404587603709, 76.232308443143, 75.96388482186433], "0.03": [73.86530014641288, 73.9385065885798, 73.96290873596877, 74.52415812591508, 76.08589555880917, 77.15959004392387, 78.79453391898487, 80.06344558321132, 80.67349926793558, 80.89311859443632, 80.72230356271352, 80.08784773060029, 80.23426061493412, 79.89263055148854, 79.72181551976574, 80.03904343582235, 79.35578330893118, 79.38018545632016, 77.64763299170328, 78.9409468033187], "0.04": [73.71888726207906, 73.88970229380186, 74.0117130307467, 74.47535383113714, 78.20888238164959, 79.40458760370913, 80.55148853099072, 80.18545632015618, 80.38067349926794, 80.25866276232308, 80.47828208882382, 79.86822840409955, 80.11224987798926, 77.96486090775988, 78.81893606637384, 79.77061981454368, 80.20985846754515, 80.47828208882382, 79.57540263543191, 78.50170815031723], "0.05": [73.84089799902391, 73.88970229380186, 74.32894094680331, 75.13421181063934, 76.8911664226452, 79.03855539287457, 80.28306490971205, 81.13714006832602, 80.89311859443632, 81.01512933138116, 80.64909712054661, 80.30746705710102, 79.57540263543191, 80.03904343582235, 79.4289897510981, 77.67203513909224, 78.3552952659834, 78.8433382137628, 76.74475353831137, 76.7203513909224], "0.060000000000000005": [73.81649585163494, 73.88970229380186, 73.84089799902391, 74.32894094680331, 76.32991703269887, 77.57442654953635, 79.62420693020985, 80.30746705710102, 81.11273792093704, 80.72230356271352, 79.79502196193265, 79.9170326988775, 77.89165446559298, 78.79453391898487, 77.98926305514885, 77.23279648609078, 78.25768667642753, 78.5993167398731, 78.57491459248413, 76.8911664226452], "0.06999999999999999": [73.84089799902391, 73.88970229380186, 74.13372376769156, 75.25622254758419, 77.20839433870181, 78.16007808687165, 79.99023914104441, 80.72230356271352, 80.99072718399219, 81.13714006832602, 80.67349926793558, 80.13665202537824, 78.86774036115177, 78.72132747681796, 76.79355783308931, 79.59980478282088, 78.64812103465106, 79.9170326988775, 80.08784773060029, 79.59980478282088], "0.08": [73.9385065885798, 73.86530014641288, 74.28013665202538, 75.5734504636408, 76.84236212786725, 79.52659834065398, 80.50268423621279, 80.89311859443632, 81.2347486578819, 80.72230356271352, 79.9170326988775, 79.72181551976574, 79.30697901415324, 79.28257686676427, 77.25719863347975, 77.76964372864812, 78.67252318204002, 78.74572962420693, 78.8433382137628, 77.76964372864812], "0.09": [73.40165934602246, 73.86530014641288, 74.13372376769156, 75.86627623230844, 77.52562225475842, 79.06295754026354, 80.47828208882382, 81.11273792093704, 80.94192288921425, 81.03953147877013, 81.0639336261591, 80.47828208882382, 79.55100048804294, 79.57540263543191, 79.11176183504148, 78.30649097120546, 78.8433382137628, 78.69692532942899, 78.8433382137628, 79.08735968765251], "0.1": [73.62127867252318, 73.9385065885798, 74.15812591508053, 75.18301610541728, 76.86676427525622, 79.06295754026354, 80.94192288921425, 81.4787701317716, 81.7227916056613, 80.99072718399219, 81.0639336261591, 80.13665202537824, 78.86774036115177, 79.38018545632016, 79.33138116154221, 76.69594924353343, 77.94045876037092, 77.89165446559298, 79.08735968765251, 78.57491459248413], "0.2": [73.71888726207906, 73.88970229380186, 74.03611517813567, 74.4265495363592, 76.67154709614447, 78.5993167398731, 80.06344558321132, 80.55148853099072, 80.69790141532455, 80.86871644704733, 80.64909712054661, 80.40507564665691, 78.33089311859443, 80.52708638360176, 78.2820888238165, 77.867252318204, 78.42850170815032, 77.35480722303562, 78.13567593948268, 76.69594924353343],