{"32": [70.37579306979015, 73.67821701643078, 75.42703757930698, 77.69643728648121, 79.69741337237677, 81.12900601919635, 82.25150479908899, 83.43094192288922, 84.29315113063284, 85.17976248576541, 86.07450789002766, 87.05872783471612, 88.10802017244184, 88.87262079062957, 89.15731251016756, 89.90564503009598, 90.34488368309745, 90.84919472913616, 91.4429803156011, 92.25638522856678, 92.6468195867903, 93.37888400845941, 94.14348462664715, 94.10281438099886, 94.83487880266797, 94.78607450789002, 95.27411745566943, 96.04685212298682, 96.46982267772897, 97.05547421506427, 97.30762973808362, 97.38897022938019, 97.85261102977061, 97.99088986497479, 98.18610704408654, 98.03156011062306, 98.05596225801204, 97.96648771758582, 97.99088986497479, 98.09663250366032], "64": [65.96713844151618, 73.45859768993004, 73.80836180250529, 75.03660322108345, 76.60647470310721, 78.07060354644543, 79.55913453717261, 80.32373515536034, 81.38929559134537, 82.14576216040345, 82.74768179599805, 83.341467382463, 84.02472750935415, 84.62664714494876, 85.34244346835855, 85.88742476004555, 86.41613795347324, 86.56255083780707, 87.00178949080852, 87.41662599642102, 87.46543029119896, 88.18122661460875, 88.57979502196193, 88.80754839759233, 89.63722140881731, 90.24727509354156, 90.91426712217341, 91.56499105254596, 91.33723767691556, 92.01236375467708, 92.14250854075159, 92.65495363591997, 93.11859443631039, 93.17553278021799, 93.61477143321946, 93.94013339840572, 94.24109321620303, 94.5827232796486, 95.0544981291687, 95.12770457133561], "128": [66.08101512933138, 73.39352529689279, 73.40979339515211, 73.56434032861559, 74.0117130307467, 75.03660322108345, 76.1753700992354, 77.29786887912803, 78.40409956076135, 79.46965999674639, 80.23426061493412, 80.94192288921425, 81.82853424434684, 82.14576216040345, 82.72327964860908, 83.39027167724093, 83.81324223198308, 84.30941922889214, 84.68358548885635, 84.66731739059703, 84.81373027493086, 85.37497966487717, 85.51325850008134, 86.13144623393525, 86.40800390434359, 87.07499593297544, 87.48169838945827, 87.69318366682934, 88.16495851634944, 88.70180575890679, 89.0190336749634, 89.49894257361315, 89.95444932487392, 90.37741987961607, 90.40182202700504, 90.63770945176509, 90.91426712217341, 90.54823491133887, 90.80039043435822, 90.91426712217341], "256": [60.07808687164471, 72.4906458435009, 73.39352529689279, 73.37725719863349, 73.41792744428176, 73.48299983731901, 73.58874247600455, 73.93037253945013, 74.58109646982268, 75.28062469497316, 75.96388482186433, 76.93183666829347, 77.85098421994469, 78.51797624857655, 79.23377257198634, 80.00650723930373, 80.68163331706523, 81.28355295265983, 81.86107044086546, 82.1376281112738, 82.66634130470148, 82.9998373190174, 83.26826094029607, 83.60989100374167, 83.99219131283553, 84.38262567105906, 84.28501708150317, 84.0897999023914, 84.47210021148528, 85.15536033837644, 85.30990727183992, 85.57019684398894, 85.4644542053034, 85.22856678054336, 85.47258825443306, 86.30226126565805, 86.92858304864161, 87.3271514559948, 87.60370912640312, 88.08361802505287], "512": [38.79941434846266, 63.47811940784122, 71.11599154058891, 73.18204001952172, 73.37725719863349, 73.40165934602246, 73.40979339515211, 73.43419554254108, 73.46673173905971, 73.50740198470798, 73.51553603383765, 73.62127867252318, 73.71075321294941, 73.90597039206116, 74.1825280624695, 74.58109646982268, 74.89832438587929, 75.35383113714006, 75.76053359362291, 76.02895721490158, 76.53326826094029, 77.07011550349765, 77.64763299170328, 78.06246949731576, 78.57491459248413, 78.9409468033187, 79.31511306328291, 79.85196030584025, 80.15292012363754, 80.45387994143485, 80.47828208882382, 80.72230356271352, 81.40556368960469, 81.69025540914267, 81.966813079551, 82.33284529038555, 82.63380510818286, 82.80462013990565, 83.02423946640637, 83.19505449812917], "1024": [45.28225150479909, 59.0450626321783, 65.51163169025541, 69.123149503823, 71.19733203188547, 72.57198633479746, 73.22271026517001, 73.40165934602246, 73.38539124776314, 73.40979339515211, 73.40165934602246, 73.40165934602246, 73.40979339515211, 73.41792744428176, 73.42606149341142, 73.41792744428176, 73.43419554254108, 73.44232959167073, 73.42606149341142, 73.42606149341142, 73.45859768993004, 73.51553603383765, 73.55620627948593, 73.62127867252318, 73.80022775337564, 73.96290873596877, 74.23133235724744, 74.52415812591508, 74.75191150154546, 74.95526272978688, 75.19115015454693, 75.39450138278835, 75.69546120058565, 76.0452253131609, 76.19977224662436, 76.37058727834716, 76.52513421181064, 76.9643728648121, 77.19212624044249, 77.46868391085083], "2048": [39.620953310557994, 55.42541076948105, 63.0307467057101, 66.7561412070929, 69.25329428989751, 70.68488693671709, 71.36814706360826, 71.8887262079063, 72.35236700829672, 72.54758418740849, 72.88921425085408, 73.0925654790955, 73.24711241255898, 73.31218480559623, 73.37725719863349, 73.37725719863349, 73.36098910037417, 73.36098910037417, 73.36098910037417, 73.36912314950382, 73.34472100211485, 73.34472100211485, 73.34472100211485, 73.32845290385553, 73.32031885472588, 73.32845290385553, 73.34472100211485, 73.32845290385553, 73.3365869529852, 73.36912314950382, 73.36912314950382, 73.40165934602246, 73.40979339515211, 73.42606149341142, 73.44232959167073, 73.4504636408004, 73.49926793557833, 73.49926793557833, 73.49926793557833, 73.56434032861559]}