{"32": [68.22027005043111, 73.49926793557833, 74.24760045550676, 75.35383113714006, 77.0213112087197, 78.29835692207581, 79.79502196193265, 80.93378884008459, 81.99934927606962, 82.76394989425737, 83.56922075809338, 84.48836830974459, 85.17162843663576, 85.79795021961932, 86.44867414999186, 87.0424597364568, 87.43289409468034, 88.04294777940459, 88.70993980803644, 89.33626159102, 89.83243858792908, 90.30421343744916, 91.17455669432243, 90.8817309256548, 91.20709289084105, 91.68700178949081, 92.3865300146413, 93.06979014153245, 93.70424597364568, 94.2085570196844, 94.90808524483488, 95.29038555392874, 94.97315763787213, 95.38799414348463, 95.89230518952334, 95.36359199609565, 96.2013990564503, 95.25784935741012, 95.64828371563364, 94.87554904831626], "64": [68.16333170652351, 73.38539124776314, 73.45859768993004, 74.27200260289572, 75.19928420367658, 76.19977224662436, 77.06198145436798, 78.02179925166747, 78.85147226289247, 79.71368147063609, 80.54335448186107, 81.07206767528876, 81.60078086871644, 82.3816495851635, 83.056775662925, 83.46347811940784, 83.93525296892793, 84.60224499755978, 85.09028794533918, 85.72474377745242, 86.11517813567593, 86.41613795347324, 86.6682934764926, 86.83910850821539, 87.63624532292175, 88.20562876199772, 88.12428827070116, 88.3601756954612, 88.7750122010737, 89.02716772409305, 88.37644379372051, 89.42573613144623, 90.31234748657882, 90.8410606800065, 91.07694810476656, 90.99560761346999, 91.82528062469497, 92.29705547421507, 92.30518952334472, 91.7276720351391], "128": [62.46949731576379, 73.17390597039206, 73.39352529689279, 73.39352529689279, 73.40979339515211, 73.53993818122662, 73.75955750772735, 74.33707499593298, 74.84138604197169, 75.50024402147389, 76.20790629575403, 77.01317715959004, 77.97299495688954, 78.78639986985522, 79.46965999674639, 80.11224987798926, 80.89311859443632, 81.32422319830812, 82.04815357084757, 82.87782658207256, 83.47974621766716, 83.98405726370588, 84.48836830974459, 84.82999837319018, 85.13095819098747, 85.44005205791443, 85.84675451439726, 86.16398243045388, 86.63575727997397, 86.97738734341955, 87.43289409468034, 87.78265820725557, 88.07548397592322, 88.44151618675777, 88.64486741499918, 88.70993980803644, 88.53912477631364, 88.70993980803644, 89.01089962583374, 89.18984870668619], "256": [45.412396290873595, 67.91117618350415, 72.49877989263055, 73.3528550512445, 73.38539124776314, 73.40979339515211, 73.40979339515211, 73.46673173905971, 73.53993818122662, 74.02798112900602, 74.58923051895233, 75.17488205628761, 75.52464616886286, 76.01268911664226, 76.31364893443957, 76.58207255571824, 77.14332194566455, 77.55002440214739, 77.98926305514885, 78.39596551163169, 78.85960631202212, 79.25004067024565, 79.64860907759883, 80.05531153408167, 80.45387994143485, 80.77924190662111, 80.92565479095494, 81.34862534569709, 81.68212136001301, 82.17016430779242, 82.6826094029608, 83.25199284203677, 83.78884008459411, 84.0735318041321, 84.47210021148528, 84.78932812754189, 85.15536033837644, 85.44818610704408, 85.64340328615584, 85.81421831787864], "512": [45.70522205954124, 63.388644867414996, 69.39157312510167, 71.56336424272003, 72.71839921913129, 73.22271026517001, 73.36912314950382, 73.39352529689279, 73.39352529689279, 73.39352529689279, 73.39352529689279, 73.40165934602246, 73.43419554254108, 73.47486578818936, 73.47486578818936, 73.62127867252318, 73.77582560598665, 73.93037253945013, 74.14185781682122, 74.35334309419228, 74.62176671547095, 74.7275093541565, 74.94712868065723, 75.26435659671384, 75.48397592321457, 75.68732715145599, 76.02895721490158, 76.37058727834716, 76.63901089962583, 76.75288758744102, 76.95623881568244, 77.10265170001627, 77.44428176346185, 77.63136489344396, 77.76150967951847, 78.02993330079714, 78.29835692207581, 78.48544005205791, 78.68065723116968, 79.06295754026354], "1024": [39.05970392061168, 54.058890515698714, 61.01350252155523, 65.41402310069952, 68.49682772083943, 70.40019521717912, 71.52269399707174, 72.35236700829672, 72.75906946477957, 73.0356271351879, 73.21457621604034, 73.2796486090776, 73.36912314950382, 73.37725719863349, 73.37725719863349, 73.37725719863349, 73.37725719863349, 73.37725719863349, 73.37725719863349, 73.38539124776314, 73.37725719863349, 73.36912314950382, 73.36098910037417, 73.3528550512445, 73.3528550512445, 73.34472100211485, 73.34472100211485, 73.3528550512445, 73.3528550512445, 73.3528550512445, 73.36098910037417, 73.37725719863349, 73.40979339515211, 73.44232959167073, 73.5806084268749, 73.79209370424597, 73.87343419554254, 73.89783634293151, 73.97917683422808, 74.09305352204328], "2048": [44.04587603709126, 54.12396290873597, 59.07759882869693, 62.62404424922727, 65.33268260940297, 67.43940133398405, 68.8791280299333, 69.93655441678868, 70.74995932975435, 71.33561086708964, 71.78298356922076, 72.12461363266634, 72.47437774524158, 72.71026517000163, 72.8485440052058, 73.0356271351879, 73.15763787213275, 73.20644216691069, 73.27151455994795, 73.32845290385553, 73.3365869529852, 73.3528550512445, 73.36098910037417, 73.37725719863349, 73.38539124776314, 73.38539124776314, 73.38539124776314, 73.38539124776314, 73.38539124776314, 73.38539124776314, 73.37725719863349, 73.38539124776314, 73.38539124776314, 73.37725719863349, 73.37725719863349, 73.37725719863349, 73.37725719863349, 73.36912314950382, 73.36912314950382, 73.36098910037417]}