{"32": [73.96290873596877, 75.08540751586139, 76.98877501220107, 78.57491459248413, 79.03855539287457, 80.03904343582235, 80.89311859443632, 81.03953147877013, 81.25915080527086, 81.4787701317716, 81.18594436310396, 81.42996583699366, 81.0639336261591, 80.99072718399219, 80.60029282576866, 80.5758906783797, 80.5758906783797, 80.30746705710102, 79.16056612981943, 79.13616398243046, 78.23328452903856, 76.84236212786725, 76.81795998047828, 76.84236212786725, 76.67154709614447, 80.06344558321132, 80.25866276232308, 80.11224987798926, 79.55100048804294, 79.0141532454856, 78.86774036115177, 78.9409468033187, 79.9170326988775, 79.35578330893118, 79.74621766715471, 78.91654465592973, 79.59980478282088, 79.06295754026354, 78.23328452903856, 78.16007808687165], "64": [73.88970229380186, 73.9385065885798, 74.62176671547095, 75.71986334797462, 76.15910200097609, 76.79355783308931, 77.59882869692532, 77.96486090775988, 78.33089311859443, 77.94045876037092, 78.96534895070766, 79.89263055148854, 80.42947779404588, 79.33138116154221, 79.2581747193753, 80.03904343582235, 78.69692532942899, 79.40458760370913, 78.81893606637384, 78.06246949731576, 79.4289897510981, 80.38067349926794, 80.79551000488043, 80.35627135187896, 80.06344558321132, 80.18545632015618, 79.99023914104441, 78.69692532942899, 78.18448023426062, 79.62420693020985, 80.01464128843338, 78.57491459248413, 78.9409468033187, 74.71937530502684, 69.98535871156662, 75.84187408491947, 77.72083943387018, 78.18448023426062, 77.50122010736945, 78.13567593948268], "128": [73.88970229380186, 73.88970229380186, 73.9385065885798, 74.0117130307467, 74.47535383113714, 75.35383113714006, 76.18350414836506, 77.20839433870181, 78.20888238164959, 78.3552952659834, 79.03855539287457, 79.08735968765251, 79.57540263543191, 80.35627135187896, 80.33186920448999, 80.50268423621279, 79.72181551976574, 80.45387994143485, 80.23426061493412, 79.69741337237677, 80.91752074182529, 80.91752074182529, 81.11273792093704, 81.25915080527086, 80.06344558321132, 79.79502196193265, 78.98975109809663, 79.52659834065398, 78.79453391898487, 78.57491459248413, 79.2581747193753, 78.06246949731576, 80.25866276232308, 80.23426061493412, 79.86822840409955, 79.72181551976574, 78.50170815031723, 78.86774036115177, 80.33186920448999, 81.21034651049293], "256": [71.62030258662762, 73.88970229380186, 73.86530014641288, 73.88970229380186, 73.91410444119083, 73.88970229380186, 74.15812591508053, 74.71937530502684, 75.30502684236212, 75.86627623230844, 76.11029770619814, 76.62274280136651, 77.1351878965349, 77.74524158125915, 77.867252318204, 78.13567593948268, 78.50170815031723, 78.7701317715959, 78.86774036115177, 78.91654465592973, 79.03855539287457, 78.89214250854076, 79.16056612981943, 79.30697901415324, 80.06344558321132, 79.81942410932162, 80.01464128843338, 80.06344558321132, 78.47730600292826, 78.62371888726207, 78.8433382137628, 78.2820888238165, 76.32991703269887, 78.96534895070766, 80.5758906783797, 80.86871644704733, 80.77110785749146, 80.64909712054661, 80.60029282576866, 80.47828208882382], "512": [58.028306490971204, 69.57052220595412, 73.01122498779893, 73.86530014641288, 73.88970229380186, 73.88970229380186, 73.86530014641288, 73.81649585163494, 73.81649585163494, 73.88970229380186, 73.86530014641288, 73.9385065885798, 74.03611517813567, 74.15812591508053, 74.37774524158127, 74.74377745241581, 75.15861395802831, 75.71986334797462, 76.03709126403123, 76.50073206442167, 76.6471449487555, 76.79355783308931, 77.28160078086871, 77.79404587603709, 77.89165446559298, 78.33089311859443, 78.64812103465106, 78.74572962420693, 79.11176183504148, 79.1849682772084, 77.64763299170328, 78.64812103465106, 78.8433382137628, 78.98975109809663, 79.0141532454856, 79.0141532454856, 79.0141532454856, 78.96534895070766, 78.67252318204002, 78.7701317715959], "1024": [57.22303562713519, 64.86090775988286, 68.4480234260615, 71.35187896534894, 72.49877989263055, 73.4504636408004, 73.91410444119083, 73.88970229380186, 73.88970229380186, 73.88970229380186, 73.88970229380186, 73.88970229380186, 73.88970229380186, 73.88970229380186, 73.91410444119083, 73.91410444119083, 73.88970229380186, 73.91410444119083, 73.91410444119083, 73.91410444119083, 73.9385065885798, 74.06051732552464, 74.13372376769156, 74.28013665202538, 74.45095168374817, 74.84138604197169, 75.01220107369448, 75.20741825280625, 75.28062469497316, 75.45143972669595, 75.40263543191801, 75.54904831625183, 75.5734504636408, 75.69546120058565, 75.8174719375305, 76.15910200097609, 76.232308443143, 76.4763299170327, 76.74475353831137, 76.69594924353343], "2048": [51.3909224011713, 60.980966325036604, 65.44655929721816, 68.54563201561737, 70.20497803806735, 71.30307467057101, 72.03513909224012, 72.66959492435335, 73.06002928257686, 73.37725719863349, 73.57247437774524, 73.6944851146901, 73.767691556857, 73.88970229380186, 73.88970229380186, 73.86530014641288, 73.86530014641288, 73.88970229380186, 73.88970229380186, 73.86530014641288, 73.84089799902391, 73.86530014641288, 73.84089799902391, 73.84089799902391, 73.81649585163494, 73.767691556857, 73.767691556857, 73.79209370424597, 73.79209370424597, 73.81649585163494, 73.81649585163494, 73.88970229380186, 73.96290873596877, 73.96290873596877, 73.96290873596877, 73.96290873596877, 74.03611517813567, 74.06051732552464, 74.13372376769156, 74.1825280624695]}