{"32": [73.88970229380186, 74.23133235724744, 75.15861395802831, 76.69594924353343, 77.91605661298195, 78.9409468033187, 79.81942410932162, 80.35627135187896, 81.08833577354807, 81.45436798438263, 81.69838945827233, 82.11322596388482, 81.7227916056613, 81.69838945827233, 81.82040019521718, 81.966813079551, 82.01561737432894, 81.84480234260614, 81.82040019521718, 81.42996583699366, 81.08833577354807, 81.13714006832602, 80.8199121522694, 81.21034651049293, 81.13714006832602, 80.72230356271352, 80.42947779404588, 80.28306490971205, 80.20985846754515, 80.69790141532455, 80.47828208882382, 80.33186920448999, 76.25671059053197, 78.33089311859443, 76.9643728648121, 73.2796486090776, 74.32894094680331, 78.50170815031723, 79.59980478282088, 79.79502196193265], "64": [73.88970229380186, 73.86530014641288, 73.96290873596877, 74.76817959980478, 75.89067837969742, 76.91556857003417, 77.64763299170328, 78.5993167398731, 78.18448023426062, 79.2581747193753, 79.69741337237677, 79.69741337237677, 80.16105417276721, 80.30746705710102, 80.11224987798926, 80.74670571010249, 80.99072718399219, 81.0639336261591, 81.6495851634944, 81.7227916056613, 81.28355295265983, 81.42996583699366, 81.50317227916057, 81.74719375305027, 81.6495851634944, 81.42996583699366, 81.6495851634944, 81.74719375305027, 81.38116154221572, 80.84431429965836, 81.11273792093704, 81.2347486578819, 80.50268423621279, 80.01464128843338, 80.33186920448999, 81.16154221571499, 80.52708638360176, 80.11224987798926, 79.84382625671059, 79.96583699365544], "128": [72.44997559785261, 73.86530014641288, 73.88970229380186, 73.88970229380186, 73.86530014641288, 74.03611517813567, 74.15812591508053, 74.57296242069302, 75.15861395802831, 75.74426549536359, 76.67154709614447, 77.57442654953635, 77.76964372864812, 78.50170815031723, 78.67252318204002, 79.08735968765251, 79.52659834065398, 80.01464128843338, 80.38067349926794, 80.96632503660322, 80.91752074182529, 81.03953147877013, 81.18594436310396, 81.38116154221572, 81.33235724743777, 81.01512933138116, 80.74670571010249, 80.50268423621279, 80.03904343582235, 79.86822840409955, 79.84382625671059, 80.16105417276721, 80.47828208882382, 80.89311859443632, 80.94192288921425, 80.86871644704733, 79.38018545632016, 80.13665202537824, 81.16154221571499, 81.08833577354807], "256": [63.34797462176672, 71.6447047340166, 73.6944851146901, 73.88970229380186, 73.88970229380186, 73.88970229380186, 73.91410444119083, 73.91410444119083, 73.91410444119083, 74.28013665202538, 74.49975597852611, 74.86578818936066, 75.42703757930698, 76.13469985358712, 76.57393850658858, 76.8911664226452, 77.20839433870181, 77.50122010736945, 77.98926305514885, 78.47730600292826, 78.96534895070766, 79.33138116154221, 79.74621766715471, 79.9170326988775, 80.13665202537824, 80.03904343582235, 80.62469497315763, 80.42947779404588, 80.79551000488043, 80.79551000488043, 81.03953147877013, 81.11273792093704, 81.38116154221572, 81.4787701317716, 81.57637872132747, 81.7959980478282, 81.8936066373841, 81.966813079551, 82.08882381649585, 82.06442166910688], "512": [58.41874084919473, 67.05710102489019, 70.83943387018057, 72.6207906295754, 73.40165934602246, 73.767691556857, 73.88970229380186, 73.88970229380186, 73.88970229380186, 73.88970229380186, 73.88970229380186, 73.88970229380186, 73.88970229380186, 73.9385065885798, 74.06051732552464, 74.23133235724744, 74.4265495363592, 74.64616886285994, 74.81698389458272, 74.98779892630552, 75.08540751586139, 74.98779892630552, 75.13421181063934, 75.25622254758419, 75.35383113714006, 75.71986334797462, 75.79306979014153, 76.08589555880917, 76.50073206442167, 76.57393850658858, 77.06198145436798, 77.11078574914592, 77.23279648609078, 77.45241581259151, 77.67203513909224, 77.72083943387018, 77.91605661298195, 78.25768667642753, 78.5261102977062, 78.8433382137628], "1024": [49.17032698877501, 58.10151293313812, 63.225963884821866, 67.66715470961445, 70.15617374328941, 71.74231332357247, 72.57198633479746, 73.20644216691069, 73.4504636408004, 73.67008296730113, 73.84089799902391, 73.86530014641288, 73.88970229380186, 73.88970229380186, 73.88970229380186, 73.88970229380186, 73.88970229380186, 73.88970229380186, 73.88970229380186, 73.88970229380186, 73.88970229380186, 73.88970229380186, 73.86530014641288, 73.86530014641288, 73.86530014641288, 73.86530014641288, 73.86530014641288, 73.84089799902391, 73.86530014641288, 73.88970229380186, 73.88970229380186, 73.88970229380186, 73.96290873596877, 74.03611517813567, 74.10932162030258, 74.28013665202538, 74.35334309419228, 74.28013665202538, 74.28013665202538, 74.37774524158127], "2048": [51.781356759394825, 56.97901415324549, 61.07857491459249, 64.47047340165935, 66.93509028794534, 68.66764275256223, 69.98535871156662, 70.79062957540263, 71.59590043923865, 72.35236700829672, 73.06002928257686, 73.25524646168863, 73.47486578818936, 73.5236700829673, 73.67008296730113, 73.74328940946803, 73.81649585163494, 73.84089799902391, 73.86530014641288, 73.86530014641288, 73.84089799902391, 73.86530014641288, 73.86530014641288, 73.86530014641288, 73.88970229380186, 73.88970229380186, 73.88970229380186, 73.88970229380186, 73.88970229380186, 73.88970229380186, 73.88970229380186, 73.88970229380186, 73.91410444119083, 73.91410444119083, 73.91410444119083, 73.91410444119083, 73.91410444119083, 73.91410444119083, 73.91410444119083, 73.91410444119083]}