{"32": [70.34325687327151, 76.55767040832927, 82.27590694647796, 86.22092077436147, 89.49894257361315, 92.39466406377095, 94.62339352529689, 95.7702944525785, 96.88465918334147, 97.65739385065886, 98.28371563364243, 98.44639661623556, 98.74735643403287, 98.64974784447698, 99.13779079225638, 99.18659508703432, 99.20286318529364, 99.69090613307304, 99.54449324873923, 99.12965674312673, 99.31673987310883, 99.57702944525785, 99.67463803481373, 99.74784447698065, 99.52822515047991, 99.59329754351717, 99.44688465918334, 99.86172116479584, 99.89425736131446, 99.86985521392549, 99.90239141044412, 99.90239141044412, 99.87798926305516, 99.85358711566617, 99.91052545957378, 99.93492760696275, 99.95932975435171, 99.95932975435171, 99.98373190174068, 99.93492760696275], "64": [67.58581421831788, 73.61314462339352, 76.59020660484789, 80.75483975923214, 84.73238978363429, 87.93720514071904, 90.82479258174719, 93.54156499105254, 95.60761346998535, 96.64877175858142, 97.60858955588091, 98.12103465104929, 98.32438587929072, 98.60094354969904, 98.9669757605336, 98.92630551488531, 99.11338864486741, 99.35741011875712, 99.18659508703432, 99.46315275744266, 99.59329754351717, 99.61769969090614, 99.50382300309094, 99.42248251179437, 99.3411420204978, 99.21913128355295, 99.47128680657231, 99.74784447698065, 99.29233772571986, 99.27606962746054, 99.56076134699853, 99.69090613307304, 99.84545306653652, 99.90239141044412, 99.82105091914755, 99.91052545957378, 99.8129168700179, 99.79664877175858, 99.85358711566617, 99.62583374003579], "128": [68.67577680169188, 73.40165934602246, 73.60501057426387, 75.36196518626973, 78.5261102977062, 81.08833577354807, 83.32519928420368, 85.73287782658207, 87.5711729298845, 89.49894257361315, 91.11761835041483, 92.73629412721652, 94.34683585488857, 95.77842850170815, 96.71384415161867, 97.72246624369612, 98.20237514234586, 98.38945827232797, 98.71482023751423, 98.99137790792257, 99.11338864486741, 99.06458435008948, 99.0808524483488, 98.94257361314462, 98.99137790792257, 98.9669757605336, 99.19472913616399, 99.24353343094192, 99.41434846266472, 99.65836993655442, 99.70717423133236, 99.6990401822027, 99.5851634943875, 99.41434846266472, 99.43875061005369, 99.63396778916545, 99.70717423133236, 99.54449324873923, 99.8291849682772, 99.78038067349927], "256": [63.543191800878475, 72.97055474215064, 73.39352529689279, 73.39352529689279, 73.40979339515211, 73.62127867252318, 74.58923051895233, 76.15096795184643, 77.5662925004067, 79.46965999674639, 80.90125264356597, 82.00748332519929, 83.23572474377745, 84.77306002928258, 86.18838457784285, 87.66064747031072, 89.19798275581584, 90.39368797787539, 91.89035301773222, 93.01285179762486, 94.02960793883194, 95.13583862046526, 95.98991377907923, 96.99040182202701, 97.4621766715471, 97.9502196193265, 98.58467545143972, 98.73108833577355, 99.13779079225638, 99.19472913616399, 99.46315275744266, 99.55262729786888, 99.60143159264682, 99.5851634943875, 99.55262729786888, 99.6421018382951, 99.66650398568407, 99.55262729786888, 99.6421018382951, 99.69090613307304], "512": [41.36163982430454, 64.69009272816008, 70.73369123149504, 72.8648121034651, 73.32845290385553, 73.34472100211485, 73.3365869529852, 73.37725719863349, 73.38539124776314, 73.54807223035627, 73.71888726207906, 74.21506425898812, 75.01220107369448, 75.66292500406702, 76.42752562225476, 77.33040507564665, 78.49357410118758, 79.38018545632016, 80.31560110623069, 81.16967626484464, 81.69025540914267, 82.43858792907109, 83.19505449812917, 83.88644867414999, 84.52903855539287, 85.30990727183992, 86.01756954612006, 86.77403611517813, 87.44916219293964, 88.26256710590532, 89.06783796974133, 89.93004717748495, 90.66211159915406, 91.58125915080527, 92.26451927769644, 93.1348625345697, 93.79372051407191, 94.43631039531479, 94.63966162355621, 95.50187083129983], "1024": [32.8127541890353, 51.634943875061005, 62.38815682446722, 67.91117618350415, 70.67675288758744, 72.31169676264845, 72.99495688953961, 73.28778265820725, 73.36912314950382, 73.3528550512445, 73.3365869529852, 73.34472100211485, 73.36098910037417, 73.34472100211485, 73.36098910037417, 73.37725719863349, 73.39352529689279, 73.43419554254108, 73.47486578818936, 73.67821701643078, 73.63754677078249, 73.67821701643078, 73.8246299007646, 74.07678542378396, 74.23946640637709, 74.64616886285994, 75.00406702456483, 75.50024402147389, 75.95575077273466, 76.73661948918172, 77.3792093704246, 77.96486090775988, 78.5830486416138, 79.26630876850496, 79.73808361802506, 80.25866276232308, 80.64096307141695, 81.03139742964048, 81.54384252480885, 82.01561737432894], "2048": [29.103627785911826, 42.150642589881244, 50.642589881242884, 56.328290222872944, 61.20058565153734, 64.2345859768993, 66.76427525622255, 68.47242557345047, 69.71693509028795, 70.73369123149504, 71.59590043923865, 72.12461363266634, 72.36863510655604, 72.70213112087197, 73.02749308605824, 73.19830811778102, 73.3528550512445, 73.40165934602246, 73.40165934602246, 73.38539124776314, 73.36098910037417, 73.36912314950382, 73.34472100211485, 73.31218480559623, 73.32845290385553, 73.34472100211485, 73.39352529689279, 73.40979339515211, 73.39352529689279, 73.36912314950382, 73.38539124776314, 73.40165934602246, 73.47486578818936, 73.40165934602246, 73.45859768993004, 73.45859768993004, 73.49113388644868, 73.49926793557833, 73.50740198470798, 73.56434032861559]}