{
    "32": [
        73.98731088335774,
        78.08687164470473,
        82.08882381649585,
        81.25915080527086,
        80.77110785749146,
        80.38067349926794,
        78.3552952659834,
        79.47779404587604,
        77.84285017081503,
        79.30697901415324,
        78.18448023426062,
        76.52513421181064,
        79.64860907759883,
        79.84382625671059,
        78.2820888238165,
        78.45290385553929,
        80.25866276232308,
        80.01464128843338,
        76.8911664226452,
        79.33138116154221,
        77.69643728648121,
        76.67154709614447,
        73.54807223035627,
        74.84138604197169,
        78.62371888726207,
        79.89263055148854,
        80.8199121522694,
        78.62371888726207,
        77.28160078086871,
        79.59980478282088,
        79.47779404587604,
        78.96534895070766,
        77.96486090775988,
        80.18545632015618,
        79.99023914104441,
        79.2581747193753,
        78.25768667642753,
        78.16007808687165,
        79.23377257198634,
        77.69643728648121
    ],
    "64": [
        73.91410444119083,
        74.47535383113714,
        77.30600292825768,
        79.23377257198634,
        79.96583699365544,
        80.18545632015618,
        80.5758906783797,
        79.84382625671059,
        78.96534895070766,
        79.47779404587604,
        79.33138116154221,
        78.45290385553929,
        78.08687164470473,
        77.64763299170328,
        76.6471449487555,
        77.96486090775988,
        79.2581747193753,
        78.50170815031723,
        79.20937042459737,
        79.33138116154221,
        78.16007808687165,
        78.37969741337238,
        77.867252318204,
        78.45290385553929,
        74.40214738897023,
        75.30502684236212,
        76.25671059053197,
        74.25573450463641,
        77.28160078086871,
        78.50170815031723,
        79.11176183504148,
        79.1849682772084,
        78.91654465592973,
        78.25768667642753,
        78.96534895070766,
        79.2581747193753,
        79.94143484626647,
        80.25866276232308,
        80.86871644704733,
        79.2581747193753
    ],
    "128": [
        73.88970229380186,
        73.9385065885798,
        74.03611517813567,
        75.45143972669595,
        77.28160078086871,
        78.98975109809663,
        80.35627135187896,
        80.55148853099072,
        80.30746705710102,
        79.55100048804294,
        79.99023914104441,
        78.91654465592973,
        78.5261102977062,
        80.06344558321132,
        78.79453391898487,
        78.47730600292826,
        78.50170815031723,
        74.35334309419228,
        77.96486090775988,
        76.76915568570034,
        78.06246949731576,
        76.98877501220107,
        77.57442654953635,
        77.25719863347975,
        78.50170815031723,
        78.08687164470473,
        77.45241581259151,
        78.5993167398731,
        79.23377257198634,
        79.0141532454856,
        78.30649097120546,
        79.64860907759883,
        78.9409468033187,
        77.76964372864812,
        76.76915568570034,
        78.16007808687165,
        75.89067837969742,
        75.76866764275256,
        76.5495363591996,
        75.91508052708639
    ],
    "256": [
        72.81600780868716,
        73.86530014641288,
        73.88970229380186,
        73.88970229380186,
        73.91410444119083,
        73.96290873596877,
        74.52415812591508,
        75.37823328452905,
        76.25671059053197,
        77.64763299170328,
        78.37969741337238,
        78.23328452903856,
        79.16056612981943,
        80.23426061493412,
        80.94192288921425,
        80.99072718399219,
        80.25866276232308,
        80.8199121522694,
        79.77061981454368,
        80.99072718399219,
        80.64909712054661,
        79.96583699365544,
        78.86774036115177,
        79.55100048804294,
        79.35578330893118,
        78.69692532942899,
        79.16056612981943,
        78.30649097120546,
        75.01220107369448,
        77.72083943387018,
        78.42850170815032,
        78.13567593948268,
        78.3552952659834,
        78.74572962420693,
        79.52659834065398,
        80.38067349926794,
        79.89263055148854,
        78.81893606637384,
        77.55002440214739,
        79.72181551976574
    ],
    "512": [
        58.61395802830649,
        69.64372864812104,
        72.44997559785261,
        73.86530014641288,
        73.86530014641288,
        73.88970229380186,
        73.96290873596877,
        73.98731088335774,
        74.03611517813567,
        74.23133235724744,
        74.30453879941435,
        74.1825280624695,
        74.20693020985847,
        74.35334309419228,
        75.13421181063934,
        75.25622254758419,
        76.18350414836506,
        76.6471449487555,
        77.08638360175695,
        76.32991703269887,
        76.52513421181064,
        77.23279648609078,
        77.40361151781357,
        77.96486090775988,
        78.86774036115177,
        79.74621766715471,
        79.35578330893118,
        79.47779404587604,
        79.55100048804294,
        79.74621766715471,
        79.94143484626647,
        80.20985846754515,
        80.23426061493412,
        78.96534895070766,
        80.11224987798926,
        80.67349926793558,
        78.3552952659834,
        76.93997071742314,
        78.7701317715959,
        79.03855539287457
    ],
    "1024": [
        44.48511469009273,
        59.78526110297706,
        66.54465592972181,
        70.25378233284529,
        72.132747681796,
        73.0356271351879,
        73.42606149341142,
        73.767691556857,
        73.81649585163494,
        73.79209370424597,
        73.767691556857,
        73.767691556857,
        73.71888726207906,
        73.71888726207906,
        73.74328940946803,
        73.71888726207906,
        73.71888726207906,
        73.62127867252318,
        73.5968765251342,
        73.5968765251342,
        73.67008296730113,
        73.6944851146901,
        73.74328940946803,
        74.13372376769156,
        73.98731088335774,
        74.59736456808199,
        74.84138604197169,
        75.06100536847242,
        75.25622254758419,
        75.74426549536359,
        76.11029770619814,
        76.15910200097609,
        76.76915568570034,
        76.0614934114202,
        76.5495363591996,
        76.79355783308931,
        77.3792093704246,
        77.35480722303562,
        77.62323084431429,
        77.81844802342606
    ],
    "2048": [
        36.7984382625671,
        49.04831625183016,
        55.46608101512933,
        60.39531478770132,
        64.03123474865788,
        66.93509028794534,
        68.64324060517326,
        69.69253294289898,
        70.83943387018057,
        71.4006832601269,
        72.18155197657394,
        72.66959492435335,
        73.06002928257686,
        73.30405075646657,
        73.47486578818936,
        73.64568081991216,
        73.81649585163494,
        73.81649585163494,
        73.74328940946803,
        73.74328940946803,
        73.71888726207906,
        73.71888726207906,
        73.64568081991216,
        73.62127867252318,
        73.64568081991216,
        73.64568081991216,
        73.67008296730113,
        73.67008296730113,
        73.6944851146901,
        73.62127867252318,
        73.62127867252318,
        73.6944851146901,
        73.6944851146901,
        73.6944851146901,
        73.71888726207906,
        73.67008296730113,
        73.6944851146901,
        73.6944851146901,
        73.67008296730113,
        73.6944851146901
    ]
}