{"32": [68.99300471774849, 76.34618513095819, 81.73092565479095, 86.066373840898, 89.30372539450138, 92.80136652025378, 95.07890027655768, 96.16072881080201, 97.47844476980642, 98.00715796323409, 98.8530990727184, 98.87750122010738, 98.77989263055149, 99.28420367659021, 99.25980152920124, 99.35741011875712, 99.45501870831299, 99.43061656092402, 99.49568895396128, 99.54449324873923, 99.69090613307304, 99.73971042785098, 99.67463803481373, 99.36554416788677, 99.67463803481373, 99.82105091914755, 99.21913128355295, 99.0971205466081, 99.50382300309094, 99.91052545957378, 99.93492760696275, 99.91052545957378, 99.83731901740687, 99.88612331218481, 99.89425736131446, 99.95932975435171, 99.8291849682772, 99.78851472262892, 99.8129168700179, 99.90239141044412], "64": [71.33561086708964, 73.56434032861559, 76.65527899788515, 80.89311859443632, 84.71612168537499, 87.67691556857004, 90.97120546608102, 93.69611192451602, 95.58321132259638, 96.26647144948755, 97.02293801854563, 97.8770131771596, 98.3081177810314, 98.7392223849032, 98.68228404099561, 98.77989263055149, 99.01578005531154, 99.33300797136815, 99.24353343094192, 99.54449324873923, 99.60956564177647, 99.43875061005369, 99.50382300309094, 99.62583374003579, 99.45501870831299, 99.17846103790467, 99.69090613307304, 99.71530828046201, 99.83731901740687, 99.57702944525785, 99.6990401822027, 99.36554416788677, 99.43061656092402, 99.78851472262892, 99.84545306653652, 99.6990401822027, 99.77224662436961, 99.6990401822027, 99.74784447698065, 99.73971042785098], "128": [65.6824467219782, 73.3365869529852, 73.65381486904181, 75.0284691719538, 77.76964372864812, 80.51081828534244, 82.55246461688628, 84.6185130958191, 86.77403611517813, 89.18984870668619, 91.15828859606312, 92.90710915893932, 94.63152757442656, 96.16886285993168, 97.19375305026843, 97.88514722628925, 98.21050919147552, 98.37319017406865, 98.77989263055149, 99.05645030095982, 99.23539938181227, 99.33300797136815, 99.27606962746054, 99.41434846266472, 99.47128680657231, 99.52009110135025, 99.33300797136815, 99.49568895396128, 99.66650398568407, 99.67463803481373, 99.46315275744266, 99.60956564177647, 99.62583374003579, 99.52822515047991, 99.5851634943875, 99.65023588742476, 99.6990401822027, 99.68277208394339, 99.73971042785098, 99.80478282088824], "256": [53.14787701317716, 71.96193265007321, 73.36098910037417, 73.38539124776314, 73.40979339515211, 73.62127867252318, 74.24760045550676, 75.42703757930698, 77.12705384740524, 78.81080201724419, 79.93330079713681, 81.64145111436473, 82.73141369773873, 84.21994468846592, 85.78981617048967, 87.09126403123474, 88.51472262892467, 90.10086220920775, 91.62192939645355, 92.7606962746055, 94.05401008622093, 95.04636408003904, 96.12819261428339, 96.96599967463804, 97.6492598015292, 98.1942410932162, 98.80429477794046, 98.99137790792257, 99.05645030095982, 99.07271839921913, 99.3411420204978, 99.49568895396128, 99.52822515047991, 99.65836993655442, 99.71530828046201, 99.60956564177647, 99.57702944525785, 99.43875061005369, 99.65836993655442, 99.8291849682772], "512": [42.88270701155035, 65.15373352855052, 70.96144460712543, 72.85667805433545, 73.40165934602246, 73.40165934602246, 73.36098910037417, 73.31218480559623, 73.40165934602246, 73.5236700829673, 73.67821701643078, 74.03611517813567, 74.39401333984057, 75.23995444932487, 76.0614934114202, 76.9643728648121, 78.07873759557508, 79.06295754026354, 79.99837319017406, 80.59215877663901, 81.39742964047502, 82.3247112412559, 83.03237351553604, 83.94338701805759, 84.7486578818936, 85.52952659834065, 86.26159102000976, 86.96111924516025, 87.87213274768179, 88.8319505449813, 89.52334472100212, 90.15780055311534, 90.8410606800065, 91.49991865950871, 92.1018382951033, 93.04538799414348, 93.50902879453392, 94.03774198796161, 94.89995119570523, 95.30665365218806], "1024": [39.66162355620628, 60.02114852773711, 67.21978200748333, 70.40832926630877, 71.70164307792419, 72.5069139417602, 72.99495688953961, 73.32031885472588, 73.37725719863349, 73.37725719863349, 73.3528550512445, 73.3528550512445, 73.36098910037417, 73.34472100211485, 73.36912314950382, 73.3528550512445, 73.37725719863349, 73.38539124776314, 73.48299983731901, 73.5236700829673, 73.71075321294941, 73.90597039206116, 74.14185781682122, 74.32894094680331, 74.4834878802668, 75.02033512282414, 75.44330567756629, 75.98015292012364, 76.41125752399545, 77.0782495526273, 77.57442654953635, 78.16007808687165, 78.68879128029933, 79.27444281763462, 79.76248576541403, 80.35627135187896, 80.8199121522694, 81.41369773873434, 81.75532780217992, 82.06442166910688], "2048": [52.25313160891492, 61.60728810802017, 68.14706360826419, 70.27818448023426, 71.40881730925655, 72.14088173092566, 72.5638522856678, 72.677728973483, 72.78347161216854, 72.94615259476167, 73.00309093866927, 73.07629738083618, 73.17390597039206, 73.24711241255898, 73.32031885472588, 73.36098910037417, 73.36098910037417, 73.37725719863349, 73.37725719863349, 73.36912314950382, 73.36098910037417, 73.3528550512445, 73.3365869529852, 73.30405075646657, 73.31218480559623, 73.32031885472588, 73.30405075646657, 73.32845290385553, 73.31218480559623, 73.30405075646657, 73.32845290385553, 73.3365869529852, 73.32031885472588, 73.36098910037417, 73.29591670733691, 73.31218480559623, 73.30405075646657, 73.3528550512445, 73.43419554254108, 73.45859768993004]}