{"32": [74.08491947291361, 77.67203513909224, 80.77110785749146, 81.16154221571499, 80.23426061493412, 80.38067349926794, 79.77061981454368, 79.08735968765251, 78.40409956076135, 78.96534895070766, 79.11176183504148, 77.30600292825768, 77.96486090775988, 77.59882869692532, 79.1849682772084, 78.06246949731576, 78.81893606637384, 81.16154221571499, 79.45339189848707, 77.867252318204, 77.15959004392387, 76.9643728648121, 74.28013665202538, 78.86774036115177, 77.40361151781357, 74.23133235724744, 79.2581747193753, 80.23426061493412, 79.96583699365544, 77.84285017081503, 78.01366520253782, 79.50219619326501, 80.89311859443632, 80.33186920448999, 79.86822840409955, 79.38018545632016, 76.5495363591996, 74.1825280624695, 75.42703757930698, 77.59882869692532], "64": [73.88970229380186, 74.1825280624695, 77.42801366520254, 79.64860907759883, 81.01512933138116, 80.47828208882382, 80.06344558321132, 78.8433382137628, 78.3552952659834, 77.28160078086871, 77.79404587603709, 79.9170326988775, 79.77061981454368, 79.55100048804294, 79.06295754026354, 79.16056612981943, 79.81942410932162, 79.55100048804294, 79.06295754026354, 78.67252318204002, 78.81893606637384, 79.16056612981943, 78.74572962420693, 80.38067349926794, 79.94143484626647, 76.5495363591996, 78.25768667642753, 77.3792093704246, 74.69497315763788, 76.20790629575403, 76.20790629575403, 79.33138116154221, 80.77110785749146, 80.91752074182529, 80.30746705710102, 80.01464128843338, 80.20985846754515, 80.77110785749146, 79.38018545632016, 77.59882869692532], "128": [73.767691556857, 73.84089799902391, 74.10932162030258, 74.86578818936066, 77.25719863347975, 78.89214250854076, 80.16105417276721, 81.0639336261591, 81.4787701317716, 81.38116154221572, 81.25915080527086, 81.38116154221572, 80.62469497315763, 78.81893606637384, 79.62420693020985, 80.60029282576866, 77.91605661298195, 79.28257686676427, 79.16056612981943, 78.1112737920937, 79.69741337237677, 78.91654465592973, 78.1112737920937, 78.16007808687165, 79.0141532454856, 78.5261102977062, 75.76866764275256, 78.69692532942899, 78.13567593948268, 79.47779404587604, 78.13567593948268, 77.76964372864812, 78.42850170815032, 77.59882869692532, 77.84285017081503, 77.89165446559298, 77.867252318204, 77.50122010736945, 77.69643728648121, 77.35480722303562], "256": [69.79014153245485, 73.84089799902391, 73.88970229380186, 73.88970229380186, 73.88970229380186, 73.62127867252318, 73.84089799902391, 74.6705710102489, 76.11029770619814, 76.25671059053197, 77.25719863347975, 77.867252318204, 78.16007808687165, 78.86774036115177, 79.33138116154221, 79.13616398243046, 79.9170326988775, 80.03904343582235, 79.38018545632016, 80.01464128843338, 81.08833577354807, 79.4289897510981, 78.8433382137628, 80.67349926793558, 80.20985846754515, 77.96486090775988, 80.5758906783797, 79.77061981454368, 78.96534895070766, 79.28257686676427, 78.23328452903856, 76.50073206442167, 78.81893606637384, 78.55051244509517, 76.84236212786725, 78.9409468033187, 77.74524158125915, 78.69692532942899, 78.01366520253782, 78.40409956076135], "512": [58.78477306002928, 69.54612005856515, 72.8648121034651, 73.767691556857, 73.86530014641288, 73.86530014641288, 73.81649585163494, 73.86530014641288, 73.81649585163494, 73.88970229380186, 73.9385065885798, 73.9385065885798, 73.767691556857, 74.03611517813567, 74.57296242069302, 75.40263543191801, 76.08589555880917, 76.4031234748658, 76.98877501220107, 77.18399219131284, 78.79453391898487, 78.2820888238165, 78.74572962420693, 78.8433382137628, 79.52659834065398, 79.84382625671059, 80.20985846754515, 79.94143484626647, 80.01464128843338, 80.38067349926794, 79.9170326988775, 79.38018545632016, 79.11176183504148, 80.03904343582235, 78.55051244509517, 78.57491459248413, 79.64860907759883, 77.42801366520254, 77.50122010736945, 78.5993167398731], "1024": [55.66129819424109, 65.64177647632992, 69.71693509028795, 71.37628111273793, 72.69399707174232, 73.3528550512445, 73.71888726207906, 73.88970229380186, 73.86530014641288, 73.88970229380186, 73.84089799902391, 73.81649585163494, 73.79209370424597, 73.79209370424597, 73.81649585163494, 73.84089799902391, 73.84089799902391, 73.86530014641288, 73.86530014641288, 73.88970229380186, 73.84089799902391, 73.91410444119083, 74.0117130307467, 74.06051732552464, 74.06051732552464, 73.88970229380186, 74.52415812591508, 74.37774524158127, 74.49975597852611, 74.89019033674964, 74.98779892630552, 75.37823328452905, 75.8174719375305, 76.18350414836506, 76.42752562225476, 76.91556857003417, 77.59882869692532, 78.30649097120546, 77.72083943387018, 78.18448023426062], "2048": [57.90629575402635, 67.49633967789165, 70.18057589067838, 71.69350902879454, 72.32796486090776, 72.71839921913129, 73.01122498779893, 73.1088335773548, 73.25524646168863, 73.40165934602246, 73.5968765251342, 73.67008296730113, 73.71888726207906, 73.79209370424597, 73.767691556857, 73.84089799902391, 73.88970229380186, 73.88970229380186, 73.88970229380186, 73.84089799902391, 73.79209370424597, 73.767691556857, 73.79209370424597, 73.81649585163494, 73.79209370424597, 73.767691556857, 73.71888726207906, 73.6944851146901, 73.67008296730113, 73.64568081991216, 73.64568081991216, 73.57247437774524, 73.49926793557833, 73.49926793557833, 73.37725719863349, 73.32845290385553, 73.23084431429966, 73.25524646168863, 73.15763787213275, 73.18204001952172]}